"LID","season","sen_slope","sen_signif"
1,"Autumn",0.0511136618861012,0.194595140496186
1,"Spring",-0.00621456502671096,0.865649099705735
1,"Summer",-0.00815702739708054,0.865649099705735
1,"Winter",0.0264516739422888,0.397587391829972
11133,"Autumn",0.118290311575194,0.100518173207465
11133,"Spring",0.10570465644465,0.188887477539538
11133,"Summer",0.118497342269667,0.125311111389424
11133,"Winter",-0.0241927482291443,0.324423690521579
11138,"Autumn",0.0765539773427164,0.640428787412791
11138,"Spring",0.216382020401367,0.436274928840529
11138,"Summer",0.0952556992405,0.275757847827509
11138,"Winter",-0.0274082914768666,0.533416513472694
11614,"Autumn",-0.0392477783791724,0.773080066312313
11614,"Spring",0.0057680267695746,0.901649504895373
11614,"Summer",0.19375141290457,0.0637866370479415
11614,"Winter",0.0298264443951258,0.836819705051275
11620,"Autumn",0.0225998771405798,1
11620,"Spring",-0.308238700769048,0.283130870662347
11620,"Summer",0.065555178891603,0.371093369522698
11620,"Winter",0.0415471726634989,0.858027656987521
11709,"Autumn",0.0342936856978811,0.672610987228665
11709,"Spring",-0.0283414737134188,0.672610987228665
11709,"Summer",0.00531860488622016,0.957874598777906
11709,"Winter",0.0336439759638134,0.428177790309638
119,"Autumn",0.0739876551164037,0.144292055440105
119,"Spring",0.0472296666332191,0.455535411940753
119,"Summer",0.055388313544074,0.284321714008018
119,"Winter",0.00213947994977604,0.974117747355371
11911,"Autumn",0.260169097786056,0.154629751965815
11911,"Spring",-0.246870609914578,0.511220344688192
11911,"Summer",-0.262386810483468,0.0374974908157198
11911,"Winter",0.0153966495563872,0.826665969670155
12307,"Autumn",0.0116084485609235,0.832591967665674
12307,"Spring",0.0671315604523313,0.0748114813174168
12307,"Summer",0.0159036950330112,0.694644497461478
12307,"Winter",-0.0117733873844054,0.607708140108105
12406,"Autumn",0.0315844657160375,0.833735241249933
12406,"Spring",-0.0382773057749007,0.441488211013973
12406,"Summer",-0.0077183217051835,0.944216627991912
12406,"Winter",0.0589339805408585,0.327285580221955
12469,"Autumn",-0.00187293446015802,0.921158650225025
12469,"Spring",0.084766277527113,0.428480419497997
12469,"Summer",0.0510234678739485,0.620690717075355
12469,"Winter",0.202926058607444,0.113287208222353
12872,"Autumn",-0.143852818074794,0.160555891435809
12872,"Spring",-0.018442408056463,0.669334014464053
12872,"Summer",-0.0415147712752695,0.760332307521876
12872,"Winter",-0.134119312103915,0.127203687631099
12873,"Autumn",-0.0180409781738595,0.912814027184075
12873,"Spring",0.0117693030982413,0.912814027184075
12873,"Summer",-0.0120867794662836,1
12873,"Winter",-0.125372501655624,0.0487449207397066
12876,"Autumn",0.0253169551453221,0.766525299523572
12876,"Spring",0.00256934741848861,1
12876,"Summer",0.0959454563836836,0.137645845518265
12876,"Winter",-0.0211735261149457,0.766525299523572
13148,"Autumn",-0.0210413485686334,0.327285580221955
13148,"Spring",0.0511544344719145,0.363020384944015
13148,"Summer",0.0772873441408432,0.207856803456587
13148,"Winter",-0.0190568032214667,0.575636913604803
13277,"Autumn",0.0138515738260572,0.951352130954404
13277,"Spring",-0.0762697304072603,0.760332307521876
13277,"Summer",-0.135913561768364,0.0768508722678888
13277,"Winter",0.0255586150248307,0.669334014464053
13278,"Autumn",0.0493445633135049,0.533416513472694
13278,"Spring",-0.0399311106759216,0.876269663627762
13278,"Summer",0.143680272364539,0.0867681727038757
13278,"Winter",0.0111671497773216,1
13446,"Autumn",-0.107765971100754,0.0641035767124359
13446,"Spring",-0.0701880770493378,0.537133857176902
13446,"Summer",0.0224879409634267,1
13446,"Winter",-0.031188738139656,0.537133857176902
13456,"Autumn",-0.158657279810345,0.0995087321591697
13456,"Spring",0.04116931310143,0.854777098065548
13456,"Summer",-0.0771498382600098,0.582950557761892
13456,"Winter",-0.0049056557911024,0.854777098065548
13857,"Autumn",-0.0149715725046404,0.685328555783378
13857,"Spring",0.0569217885184694,0.444043639662887
13857,"Summer",0.00520563282823756,0.821891691251159
13857,"Winter",0.000147469151403794,1
13876,"Autumn",0.0376105552582928,0.558350909375985
13876,"Spring",0.0974761563398691,0.224134301960167
13876,"Summer",0.146815961059185,0.00789966213049371
13876,"Winter",0.0158605289378941,0.685328555783378
13957,"Autumn",0.0670119661644056,0.273561411724749
13957,"Spring",-0.00954048716328337,0.912814027184075
13957,"Summer",0.0802855002892798,0.324423690521579
13957,"Winter",0.0542244307320499,0.188887477539538
13970,"Autumn",0.0694538370497739,0.125311111389424
13970,"Spring",0.106088494621462,0.381074481609294
13970,"Summer",0.0475267277905241,0.324423690521579
13970,"Winter",-0.0542748821965635,0.511220344688192
14406,"Autumn",0.111976441396181,0.720514787136255
14406,"Spring",0.0156954466069843,0.858027656987521
14406,"Summer",0.0615582993911097,0.474274350767329
14406,"Winter",-0.0340117539389896,0.720514787136255
14546,"Autumn",0.00860242436912374,0.791699347271874
14546,"Spring",0.0246737585957934,0.267327019788506
14546,"Summer",0.0567327873800207,0.0572296357328575
14546,"Winter",-0.0102363559877999,0.267327019788506
15013,"Autumn",0.0458599777144917,0.876269663627762
15013,"Spring",-0.0381290108858526,0.755496874928883
15013,"Summer",0.121598819330348,0.350201389179296
15013,"Winter",0.132305687610371,0.350201389179296
15033,"Autumn",-0.217425618811513,0.212911902811505
15033,"Spring",0.000256071707533797,1
15033,"Summer",-0.0734451385204886,0.640428787412791
15033,"Winter",-0.106334208531867,0.350201389179296
15312,"Autumn",0.115455191235648,0.188887477539538
15312,"Spring",0.208531345762664,0.0798019286423907
15312,"Summer",0.0750192583958429,0.443421402864083
15312,"Winter",-0.0581402248434733,0.584070366945506
15325,"Autumn",0.0656980741377353,0.192616274329602
15325,"Spring",0.244796766792873,0.0111748113273804
15325,"Summer",0.168626454943041,0.00748788681514909
15325,"Winter",0.0343598265140224,0.73170172322421
15621,"Autumn",0.237546437027708,0.119470986771701
15621,"Spring",0.158587473685975,0.436274928840529
15621,"Summer",0.172855112714773,0.0617066900283127
15621,"Winter",0.0506628321697381,0.755496874928883
1708,"Autumn",0.0328582693305364,0.536648236300515
1708,"Spring",0.0513948217873057,0.59230128143299
1708,"Summer",-0.0389367765095979,0.387013990315225
1708,"Winter",0.0796669458723974,0.232248741984054
18023,"Autumn",0.29756899928088,0.0292725091863045
18023,"Spring",0.137767067938284,0.0867681727038757
18023,"Summer",-0.138394326673197,0.876269663627762
18023,"Winter",0.0638125869985981,0.436274928840529
18610,"Autumn",-0.0539723905479621,0.544486056825911
18610,"Spring",-0.0489765438458075,0.649445669217466
18610,"Summer",0.00219479724977766,1
18610,"Winter",-0.00113528666181847,0.879572789007499
18933,"Autumn",0.109298520233742,0.275757847827509
18933,"Spring",-0.0975064258028855,0.640428787412791
18933,"Summer",0.093907884089095,0.755496874928883
18933,"Winter",-0.0154465246227815,0.755496874928883
18936,"Autumn",0.0176005948397258,0.892558465851561
18936,"Spring",-0.0557217109347761,0.444043639662887
18936,"Summer",0.0786443334797413,0.499461203104015
18936,"Winter",-0.0357736608572379,0.620425293710382
1974,"Autumn",0.00438208229540985,1
1974,"Spring",0.0537083989790977,0.73170172322421
1974,"Summer",-0.0565097703163049,0.73170172322421
1974,"Winter",0.138737750174755,0.149860747513049
20846,"Autumn",-0.00579876600669871,1
20846,"Spring",-0.00260838393904789,0.921158650225025
20846,"Summer",0.113677730138734,0.234954783703343
20846,"Winter",-0.162691187268505,0.0477612426751037
20851,"Autumn",0.0208844622578579,0.760332307521876
20851,"Spring",0.084458392451835,0.669334014464053
20851,"Summer",0.0904300180387946,0.246387360029247
20851,"Winter",0.0471826914417404,0.502158251500749
21367,"Autumn",0.0156620467049068,0.721176307474874
21367,"Spring",0.042264328495634,0.417304165627405
21367,"Summer",0.0475052413998627,0.314524869050972
21367,"Winter",-0.0170237814319031,0.673188747815444
21370,"Autumn",0.0170637659077484,0.495366298803089
21370,"Spring",0.0813096641906911,0.197801027037801
21370,"Summer",0.0487542390057776,0.495366298803089
21370,"Winter",0.0197925844967868,0.649445669217466
21383,"Autumn",0.0154712560654033,0.575636913604803
21383,"Spring",0.0463062857007663,0.441488211013973
21383,"Summer",0.128930929897589,0.050090305683375
21383,"Winter",0.00584729953026664,0.88870559083523
21871,"Autumn",0.0301590534341536,0.450295153307041
21871,"Spring",0.0548301019525963,0.1941266858781
21871,"Summer",0.0589253232629593,0.0748114813174168
21871,"Winter",0.00842221945717831,0.694644497461478
21912,"Autumn",0.0515688341288332,0.755496874928883
21912,"Spring",-0.109988104385055,0.640428787412791
21912,"Summer",0.268428921188444,0.212911902811505
21912,"Winter",-0.0522953479701952,0.436274928840529
21917,"Autumn",-0.0315914812524095,0.360121647755378
21917,"Spring",0.0225204778638723,0.760332307521876
21917,"Summer",0.103235044834129,0.299665448434302
21917,"Winter",-0.0443479738192499,0.502158251500749
21926,"Autumn",0.0165120772852871,0.837011475105446
21926,"Spring",0.020367436542217,0.73170172322421
21926,"Summer",-0.0216617607203657,0.837011475105446
21926,"Winter",0.00832507595360127,0.837011475105446
229,"Autumn",0.0227539303733935,0.626496274346911
229,"Spring",-0.0142530011830949,0.673188747815444
229,"Summer",0.028661814542019,0.673188747815444
229,"Winter",-0.0428687286261925,0.417304165627405
23721,"Autumn",-0.0580704832120768,0.499461203104015
23721,"Spring",0.00369555337016543,1
23721,"Summer",0.10063609060818,0.191670591422755
23721,"Winter",0.0464216997646798,0.224134301960167
24271,"Autumn",0.013456105485618,0.912814027184075
24271,"Spring",0.187718239536491,0.324423690521579
24271,"Summer",0.0247107013127234,0.443421402864083
24271,"Winter",0.00882062464444289,0.742556821926578
24304,"Autumn",0.15299950282755,0.0736382701203027
24304,"Spring",0.222293415127362,0.474274350767329
24304,"Summer",0.110795298011897,0.210497700055337
24304,"Winter",-0.0280927789798889,0.107404636330254
24724,"Autumn",0.0615746227240116,0.533416513472694
24724,"Spring",0.0534607004351401,1
24724,"Summer",-0.0159103126450599,1
24724,"Winter",0.0618062167948474,0.350201389179296
24789,"Autumn",-0.0569223233908172,0.552615125062848
24789,"Spring",-0.0517742436220834,0.692180772721877
24789,"Summer",-0.0986700497388368,0.620690717075355
24789,"Winter",0.111709135056495,0.0600382909095791
24805,"Autumn",-0.137461937439988,0.275757847827509
24805,"Spring",0.0671549899119738,0.533416513472694
24805,"Summer",-0.0481478244667899,0.876269663627762
24805,"Winter",0.0391688084833242,0.755496874928883
24947,"Autumn",-0.028303362538642,1
24947,"Spring",-0.00956082765488908,1
24947,"Summer",0.376966052299314,0.210497700055337
24947,"Winter",0.121449980434698,0.474274350767329
24960,"Autumn",0.0914427703208935,0.149860747513049
24960,"Spring",0.138031126411503,0.537133857176902
24960,"Summer",0.148949695906536,0.372691490471518
24960,"Winter",0.126833116530213,0.192616274329602
24969,"Autumn",0.0648082007192941,0.433826840365301
24969,"Spring",-0.0730784370246182,0.483755786496452
24969,"Summer",0.0655684730412375,0.387013990315225
24969,"Winter",0.0789952136629467,0.14937517875499
24971,"Autumn",0.0273263823189995,0.755496874928883
24971,"Spring",-0.122374923967164,0.350201389179296
24971,"Summer",-0.136291140314881,0.350201389179296
24971,"Winter",0.20882039718291,0.161124949289052
25002,"Autumn",-0.0168099693832642,0.921158650225025
25002,"Spring",-0.0419781814860878,0.692180772721877
25002,"Summer",0.0488876047083053,0.552615125062848
25002,"Winter",0.129617617123698,0.0600382909095791
25024,"Autumn",0.0411039057998837,0.620425293710382
25024,"Spring",-0.0321399711375788,0.558350909375985
25024,"Summer",-0.0564234291740801,0.392314347285355
25024,"Winter",0.086495067135786,0.0216673999284264
25044,"Autumn",0.0738961634253299,0.114316775540404
25044,"Spring",-0.000365629203395557,0.955026455293992
25044,"Summer",0.0861657472048334,0.214713301425192
25044,"Winter",0.00590247607478382,0.777959384381542
25212,"Autumn",0.0285644253615369,0.381187304987758
25212,"Spring",-0.0521769203916037,0.155824587862033
25212,"Summer",0.0945971539226997,0.0748114813174168
25212,"Winter",-0.00782372466473256,0.739763807728124
25519,"Autumn",0.0137173787616778,0.704853461217842
25519,"Spring",-0.0249910693266371,0.820216749509663
25519,"Summer",-0.0510457689212238,0.649445669217466
25519,"Winter",0.0442233005418164,0.363315909666391
25748,"Autumn",-0.0125345736960843,0.752641982768185
25748,"Spring",-0.0250535886615355,0.558350909375985
25748,"Summer",0.143628374136869,0.115074647821179
25748,"Winter",0.00326235904852468,0.964089361267912
25765,"Autumn",-0.0246839473713416,0.661415917007863
25765,"Spring",-0.0625307419707435,0.661415917007863
25765,"Summer",-0.00202901792919974,1
25765,"Winter",0.0214701037337449,0.826665969670155
25972,"Autumn",-0.00863563663727305,0.967142330906372
25972,"Spring",-0.0335987414664842,0.710835924814926
25972,"Summer",0.107170165175801,0.433826840365301
25972,"Winter",-0.000143870080122333,1
25994,"Autumn",-0.0622843514641163,0.752641982768185
25994,"Spring",-0.0574969358175658,0.499461203104015
25994,"Summer",-0.00542693858230982,1
25994,"Winter",-0.0577587249510484,0.558350909375985
26036,"Autumn",0.0257008098611227,0.876269663627762
26036,"Spring",0.198411101706886,0.0429601460284251
26036,"Summer",-0.150480111642467,0.350201389179296
26036,"Winter",0.0712489761635036,0.212911902811505
26111,"Autumn",-0.0450902830213905,0.620690717075355
26111,"Spring",0.0621418763094598,0.0924595951108613
26111,"Summer",-0.0641109244704934,0.322299595871919
26111,"Winter",0.0419897826031335,0.692180772721877
26357,"Autumn",-0.165520194556904,0.243722284772174
26357,"Spring",0.0311218155788044,0.837011475105446
26357,"Summer",0.122828551875275,0.372691490471518
26357,"Winter",0.0535436480390666,0.537133857176902
26477,"Autumn",0.0586836747395897,0.314524869050972
26477,"Spring",-0.0213145747422947,0.626496274346911
26477,"Summer",0.0566868521579567,0.284321714008018
26477,"Winter",0.0483985796617538,0.256144966603527
26514,"Autumn",0.0444827046642388,0.443421402864083
26514,"Spring",0.0124773545956116,0.661415917007863
26514,"Summer",0.0324861784040721,0.661415917007863
26514,"Winter",0.0513587807627397,0.661415917007863
26887,"Autumn",0.0442324779724,0.371093369522698
26887,"Spring",-0.242744040681023,0.210497700055337
26887,"Summer",0.177460116185014,0.283130870662347
26887,"Winter",0.0328624465100349,0.591505036994917
27286,"Autumn",0.0189651764957118,0.561220207393617
27286,"Spring",-0.0244875222625511,0.634510292881857
27286,"Summer",0.105399165204081,0.101536833967337
27286,"Winter",-0.0193735978457417,0.526178096719771
27558,"Autumn",-0.124027894295943,0.324423690521579
27558,"Spring",-0.179634878329215,0.443421402864083
27558,"Summer",-0.0317433141868781,0.661415917007863
27558,"Winter",-0.0727204374409488,0.443421402864083
27564,"Autumn",-0.0584587481385591,0.685328555783378
27564,"Spring",-0.299965877900667,0.0216673999284264
27564,"Summer",-0.124235577232138,0.558350909375985
27564,"Winter",0.0806304843841524,0.558350909375985
27566,"Autumn",0.0414520311746105,0.73170172322421
27566,"Spring",-0.122615115808902,0.631221820478253
27566,"Summer",0.0612378048104927,0.837011475105446
27566,"Winter",-0.159636204845307,0.114756734318649
27762,"Autumn",0.0242678213139291,0.290777169282727
27762,"Spring",-0.0281007574891695,0.315572735963903
27762,"Summer",0.0603063316285427,0.15382082239203
27762,"Winter",-0.0217996565738257,0.186660522415582
27936,"Autumn",0.0594918393304789,0.685328555783378
27936,"Spring",-0.0231334331660237,0.892558465851561
27936,"Summer",0.000217373967743351,1
27936,"Winter",0.0124871248107478,0.821891691251159
28066,"Autumn",0.0302230791763739,0.901649504895373
28066,"Spring",0.0033606427726065,0.967142330906372
28066,"Summer",0.223877468922316,0.0528611484384968
28066,"Winter",-0.0247268296391236,0.773080066312313
28162,"Autumn",0.0360932400087396,0.15382082239203
28162,"Spring",-0.018271104998641,0.832665939518151
28162,"Summer",0.0942378237042135,0.090976463086059
28162,"Winter",-0.000195900063177312,0.957874598777906
28532,"Autumn",-0.103417432962963,0.210497700055337
28532,"Spring",0.321698035843173,0.0318231273864902
28532,"Summer",0.454877426693034,0.107404636330254
28532,"Winter",0.0303929873098268,0.858027656987521
29244,"Autumn",-0.000790785646979941,1
29244,"Spring",0.206871741601756,0.371093369522698
29244,"Summer",0.0592687944070478,0.720514787136255
29244,"Winter",0.175760593923163,0.474274350767329
29250,"Autumn",-0.128417623078377,0.154629751965815
29250,"Spring",0.102962747556905,0.381074481609294
29250,"Summer",-0.119559760482458,0.273561411724749
29250,"Winter",0.035882469367794,0.661415917007863
29748,"Autumn",-0.11223307145603,0.591505036994917
29748,"Spring",0.144078617770668,0.591505036994917
29748,"Summer",0.356617396491778,0.283130870662347
29748,"Winter",-0.100465273443613,0.283130870662347
29956,"Autumn",-0.418483985127089,0.114756734318649
29956,"Spring",0.261241139727385,0.45067028531418
29956,"Summer",-0.0776960940762958,0.537133857176902
29956,"Winter",-0.157765437597191,0.303673214899419
3,"Autumn",-0.0509442973623525,0.300427116749241
3,"Spring",-0.0633506978680629,0.344417522979072
3,"Summer",0.0293370429410992,0.685328555783378
3,"Winter",-0.0376820827495447,0.685328555783378
30380,"Autumn",-0.00405337439144512,1
30380,"Spring",0.199753271204626,0.533416513472694
30380,"Summer",-0.129127175343427,0.119470986771701
30380,"Winter",0.128373979927515,0.350201389179296
32805,"Autumn",-0.0390262665878658,0.779566064581155
32805,"Spring",0.00225973873166607,1
32805,"Summer",-0.0329141400786094,0.674611943553671
32805,"Winter",0.0185957111333023,0.624276846120749
33309,"Autumn",0.12352260872168,0.0339090759496075
33309,"Spring",-0.0927573308984599,0.40467024441074
33309,"Summer",0.144326171126547,0.0488795923567911
33309,"Winter",0.0107885591934114,0.448718015619145
34299,"Autumn",0.0464434601052053,0.401102572891941
34299,"Spring",-0.0796265523569867,0.26291056711835
34299,"Summer",0.0506931831708665,0.52886452036419
34299,"Winter",-0.0311248492698608,0.72644698403686
34665,"Autumn",0.100157015942757,0.40467024441074
34665,"Spring",-0.0309263894924414,0.649445669217466
34665,"Summer",-0.0831106506146201,0.595912394811716
34665,"Winter",-5.43943843260207e-05,1
34688,"Autumn",0.0510660299961184,0.837011475105446
34688,"Spring",-0.196682341243635,0.192616274329602
34688,"Summer",-0.0197335313379027,0.9453298708327
34688,"Winter",-0.0873273771740748,0.303673214899419
34689,"Autumn",-0.0354107626532888,0.582950557761892
34689,"Spring",-0.258545716309011,0.0173433591624235
34689,"Summer",-0.0101659217514014,0.951352130954404
34689,"Winter",-0.156304051855392,0.160555891435809
35422,"Autumn",0.0139295888878922,0.49856438700637
35422,"Spring",-0.0689287065777201,0.0627352288500378
35422,"Summer",0.067113585396312,0.194595140496186
35422,"Winter",0.00368783544632834,1
35662,"Autumn",0.0246622878485645,0.752641982768185
35662,"Spring",-0.0738238594231298,0.620425293710382
35662,"Summer",-0.175663299753399,0.162805449743693
35662,"Winter",0.0429102843792771,0.499461203104015
36096,"Autumn",-0.0289386406967974,0.284321714008018
36096,"Spring",-0.026596786139425,0.626496274346911
36096,"Summer",0.0446991315928939,0.673188747815444
36096,"Winter",0.0212097815853857,0.626496274346911
36215,"Autumn",-0.0563370846599411,0.381032385484343
36215,"Spring",-0.01839132884606,0.820338216433617
36215,"Summer",-0.038989750447723,0.581254760411818
36215,"Winter",-0.0374556752700585,0.346764183516184
36960,"Autumn",-0.0233230940022938,0.871131491597158
36960,"Spring",-0.0381381345784289,0.820338216433617
36960,"Summer",-0.0112594454724578,0.871131491597158
36960,"Winter",-0.0575800163851553,0.256144966603527
36980,"Autumn",-0.0215839229168459,0.455535411940753
36980,"Spring",-0.071003379344448,0.0409545443203829
36980,"Summer",0.0212125576124232,0.673188747815444
36980,"Winter",-0.0501604106535772,0.111886674896788
36981,"Autumn",0.00439638010168232,0.927817769226368
36981,"Spring",-0.0480674640887478,0.215688695591323
36981,"Summer",0.063061541487899,0.155824587862033
36981,"Winter",0.0157311729125355,0.832591967665674
37530,"Autumn",0.0223108670852691,0.673188747815444
37530,"Spring",-0.0956640778177001,0.0212482443879279
37530,"Summer",0.0948476427429107,0.22996907772364
37530,"Winter",-0.0280521985068776,0.346764183516184
37534,"Autumn",-0.0111490803447951,0.650581986958389
37534,"Spring",-0.0425162185896615,0.31900803011513
37534,"Summer",0.0523545341501318,0.238924218578746
37534,"Winter",0.000570720344404739,1
37607,"Autumn",0.00151250467835737,1
37607,"Spring",-0.101550079823639,0.537133857176902
37607,"Summer",-0.0740992576655177,0.837011475105446
37607,"Winter",-0.158156198444445,0.372691490471518
38421,"Autumn",0.00857286198397726,0.939613698235622
38421,"Spring",-0.0082579517854553,0.761873394777985
38421,"Summer",0.0421040555989309,0.649445669217466
38421,"Winter",0.0460717001781988,0.448718015619145
38502,"Autumn",0.0325896989252688,0.174190482700077
38502,"Spring",0.0347153378297871,0.349219342794742
38502,"Summer",0.0867132867571932,0.0967474505928423
38502,"Winter",-0.0174205233646399,0.694644497461478
38638,"Autumn",0.0123710472828033,0.487350390335321
38638,"Spring",0.00528712363874283,0.832591967665674
38638,"Summer",0.0814641335793806,0.0967474505928423
38638,"Winter",0.0591100356606363,0.215688695591323
38664,"Autumn",0.0750887214595125,0.324712384363857
38664,"Spring",-0.0315266086846053,0.649445669217466
38664,"Summer",0.0965087083508789,0.111640311945597
38664,"Winter",0.0653016095644013,0.197801027037801
38665,"Autumn",0.0332511407424855,0.624276846120749
38665,"Spring",0.00884153895009909,0.944216627991912
38665,"Summer",0.0532358471881089,0.484107537792662
38665,"Winter",0.00930358575322998,0.72644698403686
38955,"Autumn",0.150642486316857,0.0339090759496075
38955,"Spring",-0.155139752034811,0.150050636557259
38955,"Summer",-0.00809051869298661,0.879572789007499
38955,"Winter",0.0161599944552973,0.704853461217842
38974,"Autumn",-0.00655962510641674,0.88870559083523
38974,"Spring",-0.0413121593971996,0.161686216592041
38974,"Summer",0.0268508174481665,0.52886452036419
38974,"Winter",0.0362819020599758,0.293917170251957
39225,"Autumn",0.0788062551118112,0.488422316622593
39225,"Spring",0.0758005529365539,0.234954783703343
39225,"Summer",0.0824499527545903,0.692180772721877
39225,"Winter",0.0275791348719558,0.373053116251453
39226,"Autumn",0.0854339309822625,0.381074481609294
39226,"Spring",-0.0718043073636737,0.381074481609294
39226,"Summer",0.101872888490846,0.443421402864083
39226,"Winter",0.0601420629321918,0.228439808988675
39297,"Autumn",-0.00514101820801152,1
39297,"Spring",0.0982110760482482,0.436274928840529
39297,"Summer",-0.00155743267720663,1
39297,"Winter",0.0783000903593425,0.640428787412791
39356,"Autumn",0.0282984052423498,0.436274928840529
39356,"Spring",0.0380381951473234,0.436274928840529
39356,"Summer",0.0780153916110315,0.755496874928883
39356,"Winter",0.148970595067947,0.350201389179296
39357,"Autumn",0.0406749435249252,0.640428787412791
39357,"Spring",-0.0409419118446127,0.755496874928883
39357,"Summer",0.083312190417109,0.755496874928883
39357,"Winter",0.178533509853412,0.161124949289052
39364,"Autumn",0.054172251681338,0.212911902811505
39364,"Spring",-0.0395313173493198,0.640428787412791
39364,"Summer",0.0950659260412339,0.755496874928883
39364,"Winter",0.0772784165299867,0.275757847827509
39599,"Autumn",0.180010197454678,0.0188755459296659
39599,"Spring",-0.092668882117578,0.387013990315225
39599,"Summer",-0.0412676855579863,0.536648236300515
39599,"Winter",0.0624304335077077,0.433826840365301
39621,"Autumn",-0.00642750411927473,0.820216749509663
39621,"Spring",0.0459501219314961,0.595912394811716
39621,"Summer",-0.0271234953557595,0.544486056825911
39621,"Winter",0.0609714422737962,0.17269436302932
39837,"Autumn",0.0897348789216816,0.350201389179296
39837,"Spring",0.00615413195413441,1
39837,"Summer",0.0901440947921733,0.436274928840529
39837,"Winter",0.157640043055547,0.0429601460284251
4,"Autumn",0.0141175126046807,0.879987855827713
4,"Spring",0.0268027914174991,0.349219342794742
4,"Summer",0.0229181098505104,0.566142727568169
4,"Winter",-0.0383464241076916,0.487350390335321
40050,"Autumn",0.04210210576519,0.183447228172473
40050,"Spring",0.0404635609676979,0.49566272449003
40050,"Summer",0.0466743726060653,0.1272886922566
40050,"Winter",-0.0393270145630495,0.144292055440105
40071,"Autumn",0.120230409148034,0.107404636330254
40071,"Spring",0.175535350581331,0.474274350767329
40071,"Summer",0.192292466414482,0.0736382701203027
40071,"Winter",-0.0810847176156531,0.720514787136255
40102,"Autumn",0.139986027588906,0.283130870662347
40102,"Spring",0.26758113823522,0.210497700055337
40102,"Summer",0.14456472607141,0.107404636330254
40102,"Winter",-0.0301290036527238,0.474274350767329
40124,"Autumn",0.155723719303183,0.0490979816092656
40124,"Spring",0.306610095792624,0.107404636330254
40124,"Summer",0.201115872219317,0.210497700055337
40124,"Winter",0.0642244813319826,0.591505036994917
40188,"Autumn",0.0190365668666613,0.755496874928883
40188,"Spring",0.309492183319846,0.275757847827509
40188,"Summer",0.00120516972161653,1
40188,"Winter",0.0783985658010667,0.436274928840529
40216,"Autumn",0.0210189903724158,1
40216,"Spring",-0.272095393080939,0.720514787136255
40216,"Summer",-0.322436568308349,0.210497700055337
40216,"Winter",0.0384551338862749,0.474274350767329
40253,"Autumn",-0.0293915760644062,0.661415917007863
40253,"Spring",0.159951743076849,0.100518173207465
40253,"Summer",0.0340401300145627,0.381074481609294
40253,"Winter",-0.0574309201011618,0.443421402864083
40326,"Autumn",-0.0105963151610675,0.770287726473667
40326,"Spring",-0.0573400157161663,0.183447228172473
40326,"Summer",-0.0143620912210807,0.770287726473667
40326,"Winter",-0.0143736754663597,0.581254760411818
40396,"Autumn",6.12737027389324e-05,1
40396,"Spring",0.036623845629731,0.544486056825911
40396,"Summer",0.023741848533889,0.649445669217466
40396,"Winter",-0.0281816973808755,0.448718015619145
41299,"Autumn",0.0394020706593257,0.484107537792662
41299,"Spring",-0.053953842856097,0.26291056711835
41299,"Summer",-0.0110531882220608,1
41299,"Winter",0.0124328341556358,0.88870559083523
41305,"Autumn",-0.0415597548017215,0.414890939658485
41305,"Spring",-0.0521181368626169,0.138966893956733
41305,"Summer",0.0101961693758954,0.927817769226368
41305,"Winter",2.31958859610098e-05,1
41306,"Autumn",-0.0390885399168289,0.525992485609421
41306,"Spring",-0.0512335862783897,0.349219342794742
41306,"Summer",0.0281633571370861,0.566142727568169
41306,"Winter",0.0536013666172931,0.31900803011513
41314,"Autumn",-0.109503748024771,0.275757847827509
41314,"Spring",0.0787987236703529,0.876269663627762
41314,"Summer",-0.0167072844824792,0.876269663627762
41314,"Winter",-0.10579847453195,0.436274928840529
41354,"Autumn",-0.0205821318834683,0.871131491597158
41354,"Spring",-0.0398138553863476,0.673188747815444
41354,"Summer",0.0288172834236086,0.626496274346911
41354,"Winter",-0.0329559424825943,0.537603236348886
4345,"Autumn",0.0760951965897378,0.537133857176902
4345,"Spring",0.111291400265076,0.631221820478253
4345,"Summer",0.0496250519438669,0.631221820478253
4345,"Winter",-0.0266349849514968,0.73170172322421
44391,"Autumn",-0.0210370098419133,0.595912394811716
44391,"Spring",-0.190860808277824,0.0153433001929185
44391,"Summer",0.0383422325546278,0.649445669217466
44391,"Winter",0.0388488049604346,0.255818049466537
44405,"Autumn",-0.0415470832773885,0.40467024441074
44405,"Spring",-0.11336714195785,0.0582402695915613
44405,"Summer",-0.0290187517475532,0.649445669217466
44405,"Winter",0.0261200324740643,0.544486056825911
44599,"Autumn",0.0774807987347946,0.649445669217466
44599,"Spring",-0.0536458917247236,0.40467024441074
44599,"Summer",-0.0541272281519881,0.363315909666391
44599,"Winter",0.0668418701916426,0.495366298803089
44694,"Autumn",0.00917393321488769,0.944216627991912
44694,"Spring",-0.0687732529120308,0.484107537792662
44694,"Summer",0.0168052438716084,0.674611943553671
44694,"Winter",0.0188436984056862,0.624276846120749
44746,"Autumn",-0.00555433825320832,0.88870559083523
44746,"Spring",0.0692685529923948,0.484107537792662
44746,"Summer",-0.0146811830489481,0.944216627991912
44746,"Winter",0.086436112904674,0.207856803456587
44747,"Autumn",-0.0169696641822495,0.704853461217842
44747,"Spring",-0.013735315417232,0.939613698235622
44747,"Summer",-0.0736453084596412,0.255818049466537
44747,"Winter",0.0427896375980905,0.495366298803089
45153,"Autumn",0.0955831011026522,0.40467024441074
45153,"Spring",-0.114638120897275,0.0955902198522511
45153,"Summer",0.0875912597559739,0.150050636557259
45153,"Winter",0.039164917671,0.649445669217466
45411,"Autumn",0.0381963237442509,0.487350390335321
45411,"Spring",-0.0132222800749966,0.739763807728124
45411,"Summer",0.0909399211882954,0.155824587862033
45411,"Winter",-0.039211555940316,0.109501701196475
45483,"Autumn",-0.516670323856912,0.0467449410537112
45483,"Spring",-0.0749859219840629,0.73170172322421
45483,"Summer",0.0920106498710096,0.537133857176902
45483,"Winter",-0.433755409662782,0.0335241652350047
45499,"Autumn",0.0951893801454759,0.858027656987521
45499,"Spring",-0.324132848766256,0.152406283956749
45499,"Summer",0.0213406865236501,1
45499,"Winter",-0.182537714957848,0.210497700055337
45501,"Autumn",0.235608957869636,0.372691490471518
45501,"Spring",-0.314341390085354,0.631221820478253
45501,"Summer",-0.0240124059266747,0.837011475105446
45501,"Winter",-0.0306342179379343,0.9453298708327
45503,"Autumn",-0.0135969224369017,0.766525299523572
45503,"Spring",-0.0427638521706215,0.488422316622593
45503,"Summer",0.0392269765147543,0.373053116251453
45503,"Winter",0.00615846227724391,0.921158650225025
45504,"Autumn",-0.100937886811144,0.255818049466537
45504,"Spring",-0.0341355074193951,0.363315909666391
45504,"Summer",-0.00548870076434014,0.761873394777985
45504,"Winter",-0.0195740687456671,0.761873394777985
45514,"Autumn",0.0177018595567128,0.674611943553671
45514,"Spring",0.018948139307815,0.72644698403686
45514,"Summer",0.0247806827377531,0.779566064581155
45514,"Winter",-0.00440470929856954,0.944216627991912
45525,"Autumn",0.048257697599069,0.444043639662887
45525,"Spring",0.00359695535331221,1
45525,"Summer",-0.0260170917301999,0.752641982768185
45525,"Winter",0.0194979109798204,0.499461203104015
45686,"Autumn",-0.0238463660339678,0.912814027184075
45686,"Spring",0.0717343811128091,0.443421402864083
45686,"Summer",-0.0546331323457878,0.912814027184075
45686,"Winter",0.062843407490134,0.381074481609294
45692,"Autumn",0.0267049394203331,1
45692,"Spring",0.0530445305682571,0.533416513472694
45692,"Summer",0.333664074989139,0.0867681727038757
45692,"Winter",0.0166743028359857,1
45811,"Autumn",-0.10056509312807,0.243722284772174
45811,"Spring",0.0316001165942529,0.73170172322421
45811,"Summer",0.0156925950108943,0.631221820478253
45811,"Winter",-0.0753834992602394,0.372691490471518
45812,"Autumn",0.279157898374811,0.161124949289052
45812,"Spring",0.0895796031356557,0.755496874928883
45812,"Summer",0.0708876087820662,0.640428787412791
45812,"Winter",0.0171198608598192,0.755496874928883
45813,"Autumn",0.0980352620893497,0.427710510297464
45813,"Spring",0.0516532850237141,0.502158251500749
45813,"Summer",0.220545124302544,0.0239875344644269
45813,"Winter",0.0696101567727184,0.299665448434302
45819,"Autumn",-0.0396394524793657,0.444043639662887
45819,"Spring",-0.00541351285230153,0.964089361267912
45819,"Summer",-0.0285908116313686,0.752641982768185
45819,"Winter",-0.0301099810546215,0.444043639662887
45924,"Autumn",0.052563527350998,0.755496874928883
45924,"Spring",0.0637712887695505,0.876269663627762
45924,"Summer",-0.0292981566240336,1
45924,"Winter",0.112533499802929,0.436274928840529
46043,"Autumn",-0.0991270316923647,0.474274350767329
46043,"Spring",0.240794711553674,0.0490979816092656
46043,"Summer",0.53337600920265,0.0318231273864902
46043,"Winter",-0.0211047890425404,1
46140,"Autumn",0.176060505166794,0.210497700055337
46140,"Spring",0.0809300828217356,0.720514787136255
46140,"Summer",-0.111387493595767,0.474274350767329
46140,"Winter",-0.102325190318214,0.474274350767329
46160,"Autumn",0.0835456779186411,0.303096532467549
46160,"Spring",0.023757614195346,0.59230128143299
46160,"Summer",-0.0157534360826875,0.967142330906372
46160,"Winter",0.0195836779471438,0.901649504895373
46212,"Autumn",0.00158131902779417,0.974117747355371
46212,"Spring",-0.0231590281220444,0.673188747815444
46212,"Summer",0.021663489917974,0.871131491597158
46212,"Winter",0.00273549402441617,0.974117747355371
46265,"Autumn",-0.0166660704918762,0.944216627991912
46265,"Spring",-0.0483224648725535,0.401102572891941
46265,"Summer",0.0796103195467837,0.441488211013973
46265,"Winter",-0.017878377219068,0.674611943553671
46564,"Autumn",0.0905992393665194,0.161686216592041
46564,"Spring",0.030985737497714,0.484107537792662
46564,"Summer",0.102449736810478,0.161686216592041
46564,"Winter",0.0596407610266535,0.0173587879352195
46723,"Autumn",0.0376976930646408,0.22996907772364
46723,"Spring",0.0114237731124262,0.770287726473667
46723,"Summer",-0.0200377789825137,0.770287726473667
46723,"Winter",-0.0227343419392251,0.314524869050972
46724,"Autumn",0.0391033790783256,0.341717880045567
46724,"Spring",-0.0875673997683416,0.0813178739034836
46724,"Summer",-0.0526336748651683,0.492289529817811
46724,"Winter",-0.00608859579592444,0.957874598777906
46725,"Autumn",0.0076613059912416,0.865649099705735
46725,"Spring",0.00256917862332244,0.955026455293992
46725,"Summer",-0.00476435763984699,1
46725,"Winter",0.0104343141069653,0.821525423189477
46954,"Autumn",-0.0633274361457499,0.197801027037801
46954,"Spring",0.0398613568539252,0.495366298803089
46954,"Summer",-0.0753926654289049,0.197801027037801
46954,"Winter",0.0196763018490615,0.649445669217466
46959,"Autumn",-0.00472834602008332,1
46959,"Spring",-0.0828084764956185,0.511220344688192
46959,"Summer",0.0959377328458114,0.443421402864083
46959,"Winter",-0.0475430659518259,0.661415917007863
46964,"Autumn",-0.148276561000725,0.303673214899419
46964,"Spring",0.10890279666918,0.303673214899419
46964,"Summer",-0.0984571513072213,0.631221820478253
46964,"Winter",0.0618288746156203,0.114756734318649
46992,"Autumn",0.0937527188183537,0.533416513472694
46992,"Spring",-0.0320692103955608,0.755496874928883
46992,"Summer",-0.0645335228453507,0.640428787412791
46992,"Winter",0.164973378525809,0.350201389179296
47067,"Autumn",-0.0328662194998972,0.558350909375985
47067,"Spring",-0.00138432703764154,1
47067,"Summer",0.0319187580565231,0.685328555783378
47067,"Winter",-0.0189154425692523,0.752641982768185
47193,"Autumn",0.0203388271358528,0.526178096719771
47193,"Spring",-0.0269778622814597,0.290777169282727
47193,"Summer",-0.0141339665388418,0.791699347271874
47193,"Winter",0.0444003888648709,0.0506570300941188
47198,"Autumn",0.00996546146526813,0.735080492681957
47198,"Spring",0.0146044521688837,0.651869280718426
47198,"Summer",-0.0453304451712832,0.310046020853823
47198,"Winter",0.01703247695595,0.651869280718426
47228,"Autumn",0.0242368097509115,0.568337761553861
47228,"Spring",0.019102905126844,0.568337761553861
47228,"Summer",0.0665245764344303,0.0445205240876462
47228,"Winter",0.0364466301893148,0.0500486633214097
47491,"Autumn",0.0456466313256239,0.484107537792662
47491,"Spring",-0.0252666438522002,0.575636913604803
47491,"Summer",0.0499320060283554,0.26291056711835
47491,"Winter",-0.00199455264444085,1
47579,"Autumn",-0.0229470813787382,0.607708140108105
47579,"Spring",0.0813107640849929,0.174190482700077
47579,"Summer",-0.0293630852611982,0.566142727568169
47579,"Winter",0.0750579817153357,0.017053286657374
47860,"Autumn",-0.0397514375400451,0.397587391829972
47860,"Spring",-0.140836806285441,0.0369200731625019
47860,"Summer",-0.0743722348229691,0.259354892820018
47860,"Winter",-0.021030291497764,0.821525423189477
47892,"Autumn",-0.0284163031709498,0.450295153307041
47892,"Spring",-0.0495554105794444,0.263872009473237
47892,"Summer",0.021592828002964,0.739763807728124
47892,"Winter",0.0564002006986376,0.487350390335321
48177,"Autumn",0.0286119777828426,0.450295153307041
48177,"Spring",0.0725528312518451,0.238924218578746
48177,"Summer",0.000450129218364835,1
48177,"Winter",0.131303422274712,0.0235268491105104
48213,"Autumn",0.0599514605820537,0.22996907772364
48213,"Spring",-0.0395948398945432,0.314524869050972
48213,"Summer",0.0473654319374875,0.455535411940753
48213,"Winter",0.120952139285462,8.64569041331048e-05
48217,"Autumn",0.035088710626848,0.595912394811716
48217,"Spring",-0.101154399746996,0.111640311945597
48217,"Summer",-0.0283591203885077,0.704853461217842
48217,"Winter",0.0276689765753247,0.448718015619145
48447,"Autumn",-0.0134704166980904,0.779566064581155
48447,"Spring",-0.145405672819348,0.0209409336737407
48447,"Summer",-0.0483812090337419,0.327285580221955
48447,"Winter",0.103635951438317,0.0802428781903364
48451,"Autumn",0.0360544462241047,0.214713301425192
48451,"Spring",-0.0349705159465933,0.236289164502374
48451,"Summer",0.0716704043991,0.0804170004514182
48451,"Winter",0.0393605671984428,0.0627352288500378
48455,"Autumn",-0.0668415231032273,0.324423690521579
48455,"Spring",-0.145122838384193,0.0798019286423907
48455,"Summer",-0.131101148680639,0.154629751965815
48455,"Winter",0.159865374856916,0.154629751965815
48456,"Autumn",0.000147101069469135,1
48456,"Spring",-0.12709237878924,0.0209409336737407
48456,"Summer",-0.0620582780447334,0.0930921439937051
48456,"Winter",0.115933945384725,0.0300746806661031
48597,"Autumn",0.019569148749464,0.854777098065548
48597,"Spring",-0.103989826052949,0.582950557761892
48597,"Summer",0.191619099376263,0.0995087321591697
48597,"Winter",0.0136286994443842,0.854777098065548
48657,"Autumn",0.0381872935776015,0.876269663627762
48657,"Spring",0.0191428252027061,0.876269663627762
48657,"Summer",0.0792228884440664,0.436274928840529
48657,"Winter",0.180085570543177,0.119470986771701
48660,"Autumn",0.0354247709775392,0.661415917007863
48660,"Spring",-0.017473083266641,0.661415917007863
48660,"Summer",0.0488797359330714,0.661415917007863
48660,"Winter",0.140938839769148,0.100518173207465
48700,"Autumn",-0.0509610197507699,0.73170172322421
48700,"Spring",-0.252377445179075,0.0864711277740726
48700,"Summer",0.0194198832856981,0.73170172322421
48700,"Winter",0.181592653495027,0.192616274329602
49169,"Autumn",-0.14920716627037,0.275757847827509
49169,"Spring",0.0531698467296222,0.436274928840529
49169,"Summer",-0.041863191685767,0.640428787412791
49169,"Winter",-0.0730232628843408,0.533416513472694
49186,"Autumn",-0.0907365381234158,0.73170172322421
49186,"Spring",0.0312313968005018,0.9453298708327
49186,"Summer",0.117435396137475,0.149860747513049
49186,"Winter",-0.132007085364453,0.372691490471518
49200,"Autumn",-0.0608648927802034,0.436274928840529
49200,"Spring",0.0645173595750046,0.755496874928883
49200,"Summer",-0.0681359514783371,0.755496874928883
49200,"Winter",-0.0765050811399934,0.533416513472694
49337,"Autumn",-0.00203817216857993,1
49337,"Spring",-0.0503200436534789,0.854777098065548
49337,"Summer",0.0977507837370445,0.246387360029247
49337,"Winter",-0.0279883938418315,0.502158251500749
50151,"Autumn",0.0595761257967308,0.111886674896788
50151,"Spring",-0.0157236286553856,0.871131491597158
50151,"Summer",0.0823403793474977,0.1272886922566
50151,"Winter",-0.00407672211252177,0.626496274346911
50314,"Autumn",0.00828147688974314,1
50314,"Spring",-0.055835853933156,0.755496874928883
50314,"Summer",0.0514100733808564,0.755496874928883
50314,"Winter",-0.174378914899128,0.0617066900283127
50320,"Autumn",0.0609196418607995,0.299665448434302
50320,"Spring",-0.0843533928495659,0.299665448434302
50320,"Summer",0.232387725097326,0.0327356095883208
50320,"Winter",-0.0796113957161722,0.299665448434302
50377,"Autumn",-0.0526961385125579,0.858027656987521
50377,"Spring",-0.18735043333688,0.283130870662347
50377,"Summer",9.34421035920785e-05,1
50377,"Winter",-0.0925339775316942,0.371093369522698
50413,"Autumn",0.00644745310615491,0.858027656987521
50413,"Spring",-0.140544682881366,0.371093369522698
50413,"Summer",-0.0595394922718917,0.720514787136255
50413,"Winter",-0.0870680430727333,0.210497700055337
5042,"Autumn",-0.0756596471677196,0.427710510297464
5042,"Spring",-0.0567061302862102,0.299665448434302
5042,"Summer",0.209526638984054,0.160555891435809
5042,"Winter",0.0579280624769477,0.669334014464053
50629,"Autumn",-0.0930614912351361,0.428480419497997
50629,"Spring",0.127575367443166,0.234954783703343
50629,"Summer",0.0877965223914591,0.322299595871919
50629,"Winter",-0.024539901914506,0.620690717075355
50639,"Autumn",0.0372913320527011,0.755496874928883
50639,"Spring",0.0442998900563001,1
50639,"Summer",0.21170977438053,0.275757847827509
50639,"Winter",-0.0774829890889683,0.640428787412791
507,"Autumn",0.152573502399578,0.474274350767329
507,"Spring",0.0389579876005775,0.858027656987521
507,"Summer",-0.0749643359888346,0.283130870662347
507,"Winter",0.0106824154508735,1
50782,"Autumn",0.133470817179662,0.533416513472694
50782,"Spring",-0.0239567021799132,1
50782,"Summer",0.415411506788911,0.0292725091863045
50782,"Winter",-0.000974988614366446,1
511,"Autumn",0.160419146665321,0.192616274329602
511,"Spring",0.0839992080920221,0.837011475105446
511,"Summer",-0.00585959735724175,0.837011475105446
511,"Winter",0.115652577924955,0.73170172322421
51647,"Autumn",0.113957715683131,0.474274350767329
51647,"Spring",-0.107830642059045,0.720514787136255
51647,"Summer",0.0279570154648312,0.720514787136255
51647,"Winter",0.236451205622828,0.283130870662347
51784,"Autumn",-0.0710371808824486,0.152406283956749
51784,"Spring",0.284560750005793,0.0318231273864902
51784,"Summer",-0.143177701804423,0.371093369522698
51784,"Winter",0.0922150751721336,0.371093369522698
51822,"Autumn",0.22086739856948,0.371093369522698
51822,"Spring",0.346506980042951,0.283130870662347
51822,"Summer",0.195853236633509,0.210497700055337
51822,"Winter",-0.107596869661039,0.591505036994917
51826,"Autumn",0.0415537463300796,0.858027656987521
51826,"Spring",0.511754561221582,0.152406283956749
51826,"Summer",0.161766734692617,0.474274350767329
51826,"Winter",-0.000904581089489653,1
51874,"Autumn",-0.135565793287561,0.591505036994917
51874,"Spring",0.162912672566639,0.591505036994917
51874,"Summer",0.133887652352503,0.720514787136255
51874,"Winter",0.0906563434132014,0.283130870662347
51876,"Autumn",0.0650167624135207,0.436274928840529
51876,"Spring",-0.134492382370872,0.436274928840529
51876,"Summer",-0.0437729639925124,0.876269663627762
51876,"Winter",0.0352511222667267,1
51940,"Autumn",-0.0120471770260742,1
51940,"Spring",0.220429215661058,0.161124949289052
51940,"Summer",0.191118632615617,0.350201389179296
51940,"Winter",0.046887680666662,0.436274928840529
51954,"Autumn",-0.099994742750741,0.436274928840529
51954,"Spring",-0.139884244478775,0.533416513472694
51954,"Summer",-0.2091353405286,0.0867681727038757
51954,"Winter",-0.0575211054186757,0.640428787412791
51972,"Autumn",-0.14280717182644,0.303673214899419
51972,"Spring",0.0622177788064411,0.73170172322421
51972,"Summer",0.146487437106744,0.537133857176902
51972,"Winter",-0.019421263797526,0.837011475105446
51985,"Autumn",-0.0500951268653177,0.582950557761892
51985,"Spring",0.0351212198246895,0.502158251500749
51985,"Summer",0.0674036003411591,0.427710510297464
51985,"Winter",0.0294914775838757,0.299665448434302
52143,"Autumn",0.0714044425048127,0.854777098065548
52143,"Spring",0.0270005092659692,0.582950557761892
52143,"Summer",0.0556881330658209,0.582950557761892
52143,"Winter",-0.010875431280312,0.951352130954404
52205,"Autumn",-0.213864641303543,0.720514787136255
52205,"Spring",0.0284691037748299,1
52205,"Summer",0.0272294467834998,0.720514787136255
52205,"Winter",-0.0690649829599259,0.858027656987521
52221,"Autumn",-0.00146251632965272,1
52221,"Spring",0.104059235932524,0.661415917007863
52221,"Summer",0.0938532748703498,0.154629751965815
52221,"Winter",-0.0621119260773649,0.742556821926578
52235,"Autumn",-0.0537051876498609,0.755496874928883
52235,"Spring",-0.0010218454554332,1
52235,"Summer",0.43637148442203,0.0617066900283127
52235,"Winter",-0.0838890110134565,0.533416513472694
52240,"Autumn",-0.161660017519767,0.436274928840529
52240,"Spring",0.0717006095317581,0.755496874928883
52240,"Summer",-0.0483353920225502,0.876269663627762
52240,"Winter",0.0228704588177628,0.876269663627762
52241,"Autumn",-0.125340994622458,0.720514787136255
52241,"Spring",0.245936482236344,0.591505036994917
52241,"Summer",0.0183318259251003,1
52241,"Winter",-0.0840133169296409,0.858027656987521
52243,"Autumn",-0.0518911946861201,0.837011475105446
52243,"Spring",-0.0227860449102663,0.9453298708327
52243,"Summer",0.0904033574873136,0.631221820478253
52243,"Winter",0.050980468426218,0.631221820478253
52274,"Autumn",-0.015012116658338,0.951352130954404
52274,"Spring",0.0238554635354593,0.854777098065548
52274,"Summer",0.28705515841508,0.0585875753104889
52274,"Winter",0.103871535788665,0.669334014464053
52292,"Autumn",0.0679279358980219,0.837011475105446
52292,"Spring",0.00954158144523488,1
52292,"Summer",0.22336986185462,0.192616274329602
52292,"Winter",0.0106775251950291,1
52358,"Autumn",-0.0276684353846504,0.766525299523572
52358,"Spring",-0.0296570914823933,0.766525299523572
52358,"Summer",0.0464923988077373,0.620690717075355
52358,"Winter",0.0115970636083672,0.921158650225025
52389,"Autumn",-0.174268925492799,0.161124949289052
52389,"Spring",0.033095958415986,1
52389,"Summer",-0.0918865392819278,0.436274928840529
52389,"Winter",-0.0969567588907756,0.350201389179296
52393,"Autumn",0.0514486194387178,0.640428787412791
52393,"Spring",-0.0915099232816958,0.876269663627762
52393,"Summer",0.213426191276545,0.350201389179296
52393,"Winter",-0.107187615559515,0.350201389179296
52475,"Autumn",-0.288414838590119,0.212911902811505
52475,"Spring",-0.0614983223347196,0.876269663627762
52475,"Summer",0.197913631613941,0.350201389179296
52475,"Winter",-0.0552634038404024,0.755496874928883
52532,"Autumn",-0.235476610754906,0.0170237960322115
52532,"Spring",-0.0620685743734182,0.685328555783378
52532,"Summer",-0.0118646883625283,0.892558465851561
52532,"Winter",-0.112118295390146,0.0649033586094432
52566,"Autumn",0.00430572393681486,0.951352130954404
52566,"Spring",-0.0977271806705952,0.299665448434302
52566,"Summer",0.139149791372921,0.0995087321591697
52566,"Winter",-0.0698892195469294,0.360121647755378
52576,"Autumn",-0.159901475822848,0.0585875753104889
52576,"Spring",0.0368212890287333,0.854777098065548
52576,"Summer",-0.00930787640625974,0.951352130954404
52576,"Winter",-0.0698102646109898,0.427710510297464
52577,"Autumn",-0.13594958006434,0.16585666034291
52577,"Spring",0.0937740698796503,0.373053116251453
52577,"Summer",0.0970376549494383,0.488422316622593
52577,"Winter",-0.034333518335407,0.373053116251453
52585,"Autumn",-0.153990114883109,0.436274928840529
52585,"Spring",0.248899621402388,0.0195174811821778
52585,"Summer",0.169453789455605,0.350201389179296
52585,"Winter",0.016482738843428,1
52592,"Autumn",-0.0300851521860581,0.584070366945506
52592,"Spring",0.000276630981491621,1
52592,"Summer",0.00115515257398761,1
52592,"Winter",-0.0689416526772128,0.742556821926578
52613,"Autumn",-0.187515805284654,0.152406283956749
52613,"Spring",0.262555019343846,0.107404636330254
52613,"Summer",0.0656399685566586,0.720514787136255
52613,"Winter",-0.02859441339727,1
52617,"Autumn",-0.125724301519903,0.372691490471518
52617,"Spring",0.376037371157747,0.00493150036630639
52617,"Summer",0.0585751496278731,0.837011475105446
52617,"Winter",-0.0266280044090474,0.73170172322421
5264,"Autumn",0.0166559191880744,0.836819705051275
5264,"Spring",-0.100477303474549,0.14937517875499
5264,"Summer",0.0294018837484879,0.536648236300515
5264,"Winter",-0.0126353351712682,0.901649504895373
52652,"Autumn",0.0139528227054811,0.892558465851561
52652,"Spring",-0.0197531961543504,0.821891691251159
52652,"Summer",0.142296347156502,0.260350569655991
52652,"Winter",-0.10790036874414,0.0791092150986985
52666,"Autumn",-0.198645838307079,0.127203687631099
52666,"Spring",0.127260377062463,0.427710510297464
52666,"Summer",0.151417505633578,0.0585875753104889
52666,"Winter",-0.195015442687246,0.160555891435809
52684,"Autumn",-0.228386501033398,0.0617066900283127
52684,"Spring",0.209560332177914,0.212911902811505
52684,"Summer",0.0874087258297891,0.876269663627762
52684,"Winter",-0.159228560121041,0.161124949289052
52722,"Autumn",0.0287217187211475,0.692180772721877
52722,"Spring",0.0554303114259711,0.428480419497997
52722,"Summer",0.106114898775458,0.137645845518265
52722,"Winter",0.0334097617189883,0.692180772721877
52740,"Autumn",-0.0924123025978141,0.755496874928883
52740,"Spring",-0.00462110136877995,1
52740,"Summer",0.294032505940986,0.212911902811505
52740,"Winter",-0.237104465050437,0.0867681727038757
52851,"Autumn",-0.0089650757671027,0.912814027184075
52851,"Spring",0.00800741252733683,1
52851,"Summer",0.0811262802119234,0.826665969670155
52851,"Winter",0.0461003976033544,0.324423690521579
52875,"Autumn",-0.00400908396439675,1
52875,"Spring",0.0538787663863166,0.620425293710382
52875,"Summer",0.0811476616578216,0.444043639662887
52875,"Winter",-0.110743802503573,0.300427116749241
52878,"Autumn",-0.0109795168360677,0.901649504895373
52878,"Spring",0.0502724517575932,0.650463122950713
52878,"Summer",0.0530898070166142,0.901649504895373
52878,"Winter",-0.0743980564739613,0.076513654241399
52884,"Autumn",0.0692359987889439,0.234239263033982
52884,"Spring",0.00230077778040242,0.88870559083523
52884,"Summer",0.0892325363501514,0.123715178751739
52884,"Winter",-0.0261155308834761,0.363020384944015
52887,"Autumn",-0.00658244973381361,0.876269663627762
52887,"Spring",0.186587988152377,0.161124949289052
52887,"Summer",0.0705304917978939,0.755496874928883
52887,"Winter",-0.0550465308671492,0.876269663627762
52896,"Autumn",0.051109417674961,0.360121647755378
52896,"Spring",0.166718908770797,0.299665448434302
52896,"Summer",0.111348897374863,0.760332307521876
52896,"Winter",0.0311177985367738,0.854777098065548
52902,"Autumn",-0.0280441484576917,0.766525299523572
52902,"Spring",0.115715302297279,0.488422316622593
52902,"Summer",0.0870613744960758,0.488422316622593
52902,"Winter",-0.0449848238899132,0.692180772721877
52906,"Autumn",-0.0220444098954494,0.836819705051275
52906,"Spring",-0.0434092637420006,0.710835924814926
52906,"Summer",0.102903398602851,0.26605176012296
52906,"Winter",-0.0464491823738628,0.201612323534696
52914,"Autumn",-0.0140243281315882,0.836819705051275
52914,"Spring",0.0115943741848786,0.901649504895373
52914,"Summer",0.154763973207074,0.26605176012296
52914,"Winter",0.0211243289061798,0.836819705051275
52924,"Autumn",-0.108093827917666,0.113287208222353
52924,"Spring",0.0921790170647158,0.16585666034291
52924,"Summer",0.149498152523185,0.16585666034291
52924,"Winter",-0.105366090519372,0.137645845518265
52927,"Autumn",-0.153814657510206,0.0768508722678888
52927,"Spring",0.0722752728587948,0.427710510297464
52927,"Summer",0.218613817216051,0.127203687631099
52927,"Winter",-0.235034080711125,0.044083783741321
52940,"Autumn",-0.114434665781848,0.113287208222353
52940,"Spring",-0.0347534495134833,0.921158650225025
52940,"Summer",0.112684441895404,0.234954783703343
52940,"Winter",-0.0685368741402981,0.373053116251453
52954,"Autumn",0.0141823174979016,0.892558465851561
52954,"Spring",-0.0495839622068216,0.620425293710382
52954,"Summer",-0.0487456627981488,0.620425293710382
52954,"Winter",0.00685747660553105,0.964089361267912
52960,"Autumn",-0.076447594991309,0.372691490471518
52960,"Spring",0.0314942186866742,0.9453298708327
52960,"Summer",0.0211015672188979,1
52960,"Winter",-0.0161206959152025,0.837011475105446
53020,"Autumn",-0.0133398830822787,0.879572789007499
53020,"Spring",-0.0721463668138366,0.495366298803089
53020,"Summer",0.00572454808917744,0.879572789007499
53020,"Winter",0.014762682360874,0.820216749509663
53022,"Autumn",-0.0592228093765283,0.234954783703343
53022,"Spring",0.0295218394855169,0.766525299523572
53022,"Summer",0.0961713766249809,0.322299595871919
53022,"Winter",0.0299686607062934,0.692180772721877
53025,"Autumn",0.0669716922756173,0.495366298803089
53025,"Spring",0.0558235750226448,0.197801027037801
53025,"Summer",-0.00630344391266746,0.820216749509663
53025,"Winter",0.022408086895102,0.595912394811716
53033,"Autumn",-0.0568076068498375,0.582950557761892
53033,"Spring",0.0992192858762079,0.427710510297464
53033,"Summer",0.0205466553409416,0.854777098065548
53033,"Winter",0.0359755409303767,0.760332307521876
53034,"Autumn",0.0374294419901182,0.766525299523572
53034,"Spring",0.0942144651892958,0.234954783703343
53034,"Summer",0.0461445873805999,0.620690717075355
53034,"Winter",0.0703711977998897,0.488422316622593
53048,"Autumn",-0.0248909808018087,0.624276846120749
53048,"Spring",0.0451577615317639,0.674611943553671
53048,"Summer",0.0329232231388003,0.575636913604803
53048,"Winter",0.0419068760997673,0.72644698403686
53062,"Autumn",-0.00662795135732441,0.975910003234818
53062,"Spring",0.0457426303671997,0.263872009473237
53062,"Summer",0.0475443001600015,0.381187304987758
53062,"Winter",0.0192747858988929,0.566142727568169
53101,"Autumn",0.0264790831260378,0.901649504895373
53101,"Spring",-0.0106050607569848,0.836819705051275
53101,"Summer",0.0127592281392178,0.901649504895373
53101,"Winter",-0.015180264732926,0.967142330906372
53109,"Autumn",0.037116448673097,0.558350909375985
53109,"Spring",-0.0172796063639944,0.964089361267912
53109,"Summer",0.0943182819969687,0.444043639662887
53109,"Winter",-0.0108679559311139,0.964089361267912
53114,"Autumn",0.0214361140097707,0.343419487182742
53114,"Spring",0.0379563581188458,0.483755786496452
53114,"Summer",0.0413956175617577,0.232248741984054
53114,"Winter",0.0243410570899099,0.483755786496452
53117,"Autumn",0.0542444612489769,0.260350569655991
53117,"Spring",0.0734297737779978,0.444043639662887
53117,"Summer",0.0528179479733747,0.444043639662887
53117,"Winter",0.0328717808108407,0.260350569655991
53145,"Autumn",0.112929912739474,0.755496874928883
53145,"Spring",-0.411726864061567,0.0867681727038757
53145,"Summer",0.0814883025480668,0.876269663627762
53145,"Winter",-0.024510401791319,0.640428787412791
53338,"Autumn",-0.0340935016835875,0.854777098065548
53338,"Spring",0.103523172826964,0.360121647755378
53338,"Summer",0.107292943642809,0.299665448434302
53338,"Winter",-0.0753796589287196,0.502158251500749
53353,"Autumn",0.0569000559502996,0.428480419497997
53353,"Spring",0.0687855983820202,0.373053116251453
53353,"Summer",0.0117230452992272,0.428480419497997
53353,"Winter",-0.0154210314158608,0.843085229269984
53392,"Autumn",0.0518871449668729,0.620425293710382
53392,"Spring",-0.0111343996074334,0.821891691251159
53392,"Summer",0.0353787810688625,0.821891691251159
53392,"Winter",0.0122846220150007,0.892558465851561
53532,"Autumn",0.0158132770473071,0.455535411940753
53532,"Spring",0.01146347571923,0.820338216433617
53532,"Summer",0.00718584128516889,0.820338216433617
53532,"Winter",-0.00830728912385331,0.871131491597158
53545,"Autumn",-0.00842800096592663,0.833735241249933
53545,"Spring",-0.00545595633510731,0.88870559083523
53545,"Summer",-0.0167609653606768,0.72644698403686
53545,"Winter",-0.0482220885373383,0.293917170251957
53549,"Autumn",0.0527842061635732,0.284321714008018
53549,"Spring",-0.0971505419441089,0.162984413296641
53549,"Summer",0.0456294324191164,0.381032385484343
53549,"Winter",0.0279441062204487,0.49566272449003
53707,"Autumn",-0.0386046335358682,0.624276846120749
53707,"Spring",0.0149830445637305,0.72644698403686
53707,"Summer",0.00499464810767268,0.944216627991912
53707,"Winter",-0.0357186910025637,0.327285580221955
53851,"Autumn",-0.00947490502630662,0.742556821926578
53851,"Spring",0.0649448147354974,0.511220344688192
53851,"Summer",0.0743046410906622,0.273561411724749
53851,"Winter",-0.0547915706606638,0.154629751965815
53872,"Autumn",0.0738892861614409,0.73170172322421
53872,"Spring",0.0220465646967721,0.9453298708327
53872,"Summer",0.113782625673994,0.45067028531418
53872,"Winter",-0.109282663666532,0.372691490471518
53877,"Autumn",0.0146860782960256,0.912814027184075
53877,"Spring",0.066863026741402,0.661415917007863
53877,"Summer",0.0428696373271554,0.661415917007863
53877,"Winter",0.00269169246363745,1
53963,"Autumn",0.137875269775934,0.010279478485213
53963,"Spring",0.18493427654884,0.137347096984784
53963,"Summer",0.289647023219783,0.0791092150986985
53963,"Winter",0.105556600444271,0.00139058242765382
54039,"Autumn",-0.0323013424629585,0.256144966603527
54039,"Spring",-0.0536494600938641,0.581254760411818
54039,"Summer",0.0710815919628747,0.22996907772364
54039,"Winter",-0.0799199840299959,0.144292055440105
54060,"Autumn",-0.0343812599339077,0.692180772721877
54060,"Spring",0.0399420992358288,0.620690717075355
54060,"Summer",0.119363775985036,0.488422316622593
54060,"Winter",0.00804572476956666,1
54132,"Autumn",0.113529501762746,0.14937517875499
54132,"Spring",0.0453234273040246,0.343419487182742
54132,"Summer",0.086211760185224,0.387013990315225
54132,"Winter",-0.0278227209236522,0.59230128143299
54141,"Autumn",-0.0308590521813274,0.73170172322421
54141,"Spring",0.23026977591859,0.149860747513049
54141,"Summer",0.09919105227763,0.372691490471518
54141,"Winter",0.0346993040405977,0.837011475105446
54144,"Autumn",0.0452541749017355,0.499461203104015
54144,"Spring",0.0265516125124097,0.892558465851561
54144,"Summer",0.0292959794292811,0.558350909375985
54144,"Winter",-0.0407900939695143,0.685328555783378
54177,"Autumn",-0.0193392858325485,0.779566064581155
54177,"Spring",-0.0613243587686686,0.484107537792662
54177,"Summer",0.0651210270426033,0.107542828899301
54177,"Winter",-0.0345503512810387,0.363020384944015
54190,"Autumn",0.0331744927497956,0.290560755378769
54190,"Spring",0.0280056543989859,0.566142727568169
54190,"Summer",-0.0135499899506868,0.785797106178966
54190,"Winter",-0.0471690920776366,0.0748114813174168
54356,"Autumn",-0.0143981495892915,0.694644497461478
54356,"Spring",0.0713345663551805,0.0320343717059257
54356,"Summer",0.0177564595296896,0.694644497461478
54356,"Winter",0.0192948433331952,0.349219342794742
54413,"Autumn",-0.0284613833424357,0.854777098065548
54413,"Spring",-0.0476290143868139,0.582950557761892
54413,"Summer",-0.0188197031517839,0.951352130954404
54413,"Winter",0.0470024150521278,0.582950557761892
54435,"Autumn",0.0283247826630875,0.59230128143299
54435,"Spring",0.0469343469104607,0.59230128143299
54435,"Summer",0.110707319618925,0.127476932741378
54435,"Winter",0.00797576720901784,0.901649504895373
54443,"Autumn",0.165559079118688,0.0768508722678888
54443,"Spring",-0.0385541347513286,0.854777098065548
54443,"Summer",-0.0649081345313571,0.502158251500749
54443,"Winter",0.124750858637524,0.246387360029247
54561,"Autumn",0.00192190601873321,1
54561,"Spring",-0.0122402060413975,0.820216749509663
54561,"Summer",-0.0108082832606534,0.939613698235622
54561,"Winter",-0.0327191536557198,0.197801027037801
54672,"Autumn",0.00933559604592626,0.672610987228665
54672,"Spring",0.0138085015930759,0.672610987228665
54672,"Summer",0.0187827641480417,0.597354194826704
54672,"Winter",0.0164248097471868,0.791699347271874
54730,"Autumn",0.0234707789284384,0.755496874928883
54730,"Spring",0.132735686638552,0.436274928840529
54730,"Summer",0.181991380413178,0.212911902811505
54730,"Winter",-0.047291851535558,0.755496874928883
54731,"Autumn",0.0862161253312982,0.0641035767124359
54731,"Spring",0.296227037475331,0.0236422189091985
54731,"Summer",0.169562047772327,0.0467449410537112
54731,"Winter",0.0162768626372738,0.73170172322421
54732,"Autumn",0.113381772016034,0.283130870662347
54732,"Spring",0.346214607024434,0.107404636330254
54732,"Summer",0.270712200888211,0.0200446686226275
54732,"Winter",-0.0126656669793586,0.858027656987521
54733,"Autumn",0.10980055841585,0.107404636330254
54733,"Spring",0.124708118226296,0.283130870662347
54733,"Summer",0.0327100091428434,0.858027656987521
54733,"Winter",-0.0365534376117,0.720514787136255
54734,"Autumn",-0.021269170826706,0.581254760411818
54734,"Spring",0.0677070520500876,0.183447228172473
54734,"Summer",0.090745006610049,0.0349550726436306
54734,"Winter",-0.0323704716535029,0.49566272449003
54735,"Autumn",-0.160872802579408,0.275757847827509
54735,"Spring",0.216383870847697,0.119470986771701
54735,"Summer",0.0830958753911459,0.640428787412791
54735,"Winter",0.0330815030593566,0.876269663627762
54736,"Autumn",0.0797143028478334,0.0483982231812983
54736,"Spring",0.00553806789579515,0.955026455293992
54736,"Summer",0.03299853121282,0.429795272339556
54736,"Winter",0.0296043080237203,0.236289164502374
54737,"Autumn",0.0430958715308668,0.214713301425192
54737,"Spring",-0.0373914284403784,0.28393508435663
54737,"Summer",0.00989758633081239,0.735080492681957
54737,"Winter",0.076108449556407,0.0423310378298655
54741,"Autumn",-0.184204001340168,0.533416513472694
54741,"Spring",-0.105055526868474,0.640428787412791
54741,"Summer",0.0848105815108831,0.755496874928883
54741,"Winter",-0.184781386959975,0.212911902811505
54742,"Autumn",-0.0850445032991569,0.511220344688192
54742,"Spring",0.0281588536331649,0.661415917007863
54742,"Summer",0.0837906970785904,0.228439808988675
54742,"Winter",-0.0374861581740309,0.912814027184075
7408,"Autumn",-0.0122232376458707,0.791699347271874
7408,"Spring",0.0306778589921236,0.341717880045567
7408,"Summer",0.0222693197977181,0.874092180163309
7408,"Winter",0.0352792598268718,0.0644965282504243
7409,"Autumn",0.0924996400217448,0.141725953806468
7409,"Spring",0.129929895964723,0.00262316984309615
7409,"Summer",-0.00960201179761633,0.88870559083523
7409,"Winter",0.106343264418972,0.0802428781903364
7506,"Autumn",0.102528494549611,0.371093369522698
7506,"Spring",-0.0650016487526444,0.283130870662347
7506,"Summer",0.507695097173578,0.283130870662347
7506,"Winter",-0.0240701387747109,0.858027656987521
7640,"Autumn",-0.622735408974545,0.152406283956749
7640,"Spring",-0.22544856334149,0.152406283956749
7640,"Summer",0.0935126517442336,0.591505036994917
7640,"Winter",-0.220622258873172,0.283130870662347
7660,"Autumn",-0.0620584393359284,0.537133857176902
7660,"Spring",0.00122454712481459,1
7660,"Summer",0.31634465847099,0.0163933168888091
7660,"Winter",-0.110905776391244,0.303673214899419
7688,"Autumn",0.0496806360941172,0.761873394777985
7688,"Spring",-0.0813332027753992,0.17269436302932
7688,"Summer",0.0473122265903179,0.649445669217466
7688,"Winter",-0.0786614406605086,0.288882804027164
7689,"Autumn",0.0488941951991222,0.488422316622593
7689,"Spring",-0.15263386093239,0.137645845518265
7689,"Summer",-0.0268217514853756,1
7689,"Winter",-0.0130410869621284,0.766525299523572
7777,"Autumn",0.0486086930250658,0.837011475105446
7777,"Spring",-0.0640304432535486,0.73170172322421
7777,"Summer",0.212531554378894,0.0236422189091985
7777,"Winter",-0.0797461611596463,0.631221820478253
7901,"Autumn",0.0629301951803489,0.52886452036419
7901,"Spring",-0.0298280986722768,0.833735241249933
7901,"Summer",0.0826350860101667,0.234239263033982
7901,"Winter",-0.0702107166865615,0.293917170251957
8890,"Autumn",-0.10261429007762,0.17269436302932
8890,"Spring",-0.168367284629757,0.17269436302932
8890,"Summer",0.0171958720964907,0.879572789007499
8890,"Winter",-0.0665362160669778,0.495366298803089
45811,"Annual",0.0054686659386137,0.9453298708327
45812,"Annual",0.166937660340839,0.0127313642699235
45813,"Annual",0.0943997843629749,0.0995087321591697
45819,"Annual",-0.0131387978529865,0.685328555783378
49337,"Annual",0.0339229528790604,0.582950557761892
25994,"Annual",-0.000293899176260304,1
27286,"Annual",0.0128105008293563,0.672610987228665
27936,"Annual",-0.00514401827367154,0.964089361267912
28066,"Annual",-0.0435501390106312,0.433826840365301
25972,"Annual",0.0917861858722323,0.303096532467549
47579,"Annual",0.0334042558952308,0.138966893956733
48177,"Annual",0.059443943249233,0.017053286657374
48447,"Annual",-0.0394795638748787,0.293917170251957
48597,"Annual",0.00293142856607231,0.951352130954404
48657,"Annual",0.0886011081276298,0.275757847827509
48660,"Annual",0.0167493420579553,0.826665969670155
48700,"Annual",-0.0792370827943943,0.537133857176902
32805,"Annual",0.00418751618603442,0.944216627991912
33309,"Annual",0.0509508093503438,0.324712384363857
11911,"Annual",-0.00118930878457579,1
44391,"Annual",-0.0359636454938335,0.324712384363857
44405,"Annual",-0.0681927554507236,0.0339090759496075
44599,"Annual",0.00373442129002353,1
44694,"Annual",-0.00623321792527446,0.779566064581155
44746,"Annual",0.068676289926518,0.234239263033982
44747,"Annual",0.0108327170679911,0.879572789007499
45153,"Annual",0.0271834284052255,0.448718015619145
5264,"Annual",-0.0136373514836975,0.836819705051275
8890,"Annual",-0.101314187893724,0.197801027037801
34665,"Annual",0.0159970503314797,0.761873394777985
34688,"Annual",-0.0406293327674026,0.45067028531418
34689,"Annual",-0.14779805900264,0.0585875753104889
37607,"Annual",-0.058999478087829,0.372691490471518
40050,"Annual",0.0187604767299551,0.381032385484343
40326,"Annual",-0.0269234270241628,0.314524869050972
40396,"Annual",0.0135648971617893,0.879572789007499
12872,"Annual",-0.0751203580134286,0.360121647755378
12873,"Annual",-0.0099520301383779,0.742556821926578
12876,"Annual",0.0390725152947322,0.198210619038843
14406,"Annual",-0.0922920306627045,0.591505036994917
14546,"Annual",0.022613750622934,0.267327019788506
15013,"Annual",0.13963612195301,0.212911902811505
15033,"Annual",-0.0202942725794813,0.533416513472694
41314,"Annual",-0.00312986234674639,1
49169,"Annual",-0.00350356704154748,0.755496874928883
49186,"Annual",-0.00680214189975433,0.9453298708327
49200,"Annual",0.0271017529487872,0.876269663627762
50782,"Annual",0.181678995741739,0.436274928840529
38421,"Annual",-0.00147922591099192,1
38502,"Annual",0.0167703603085071,0.381187304987758
38638,"Annual",0.0183282411633777,0.450295153307041
38664,"Annual",0.029451201752324,0.595912394811716
38665,"Annual",0.00927541635963394,0.88870559083523
38955,"Annual",-0.00447462719874184,1
38974,"Annual",-0.00350537382803158,0.944216627991912
46964,"Annual",-0.0616549121994809,0.372691490471518
46992,"Annual",-0.00724242873648073,1
47491,"Annual",-0.00108664673637671,0.88870559083523
48213,"Annual",0.0501001268315596,0.0555929748188698
48217,"Annual",-0.0200752810002589,0.761873394777985
48451,"Annual",0.02072060950965,0.114316775540404
48455,"Annual",-0.0590682218347034,0.154629751965815
48456,"Annual",-0.0169390688330645,0.401102572891941
26036,"Annual",0.0670410139210347,0.436274928840529
26111,"Annual",0.00289933263663986,1
28532,"Annual",0.184256624990687,0.107404636330254
29244,"Annual",0.176499014909749,0.283130870662347
29250,"Annual",0.0350125724600768,0.511220344688192
29956,"Annual",-0.0863842169264555,0.303673214899419
30380,"Annual",0.0436807951155913,1
54742,"Annual",0.0545484248382969,0.584070366945506
23721,"Annual",0.0255552858236245,0.300427116749241
24271,"Annual",0.089679527118531,0.0798019286423907
24304,"Annual",0.0178606242092098,1
41299,"Annual",-0.0280126008108272,0.575636913604803
41305,"Annual",-0.0217242647757434,0.487350390335321
41306,"Annual",-0.0012471021262634,1
41354,"Annual",-0.0160094411236823,0.820338216433617
45686,"Annual",-0.0291484093036634,0.826665969670155
45692,"Annual",-0.024630984282275,1
46564,"Annual",0.0641425159617738,0.050090305683375
46723,"Annual",0.000383850063861768,1
46724,"Annual",-0.0169165232829589,0.341717880045567
46725,"Annual",-0.00417322315110409,0.735080492681957
46954,"Annual",-0.0209669852474253,0.40467024441074
46959,"Annual",-0.0592447974365624,0.0798019286423907
47193,"Annual",0.015236745642716,0.267327019788506
47198,"Annual",0.0217108804987461,0.611760029254632
47228,"Annual",0.0346391647690244,0.0445205240876462
47860,"Annual",-0.0495153142829476,0.158570249496755
47892,"Annual",-0.000766118484076372,1
1974,"Annual",0.0600512139359412,0.631221820478253
4345,"Annual",0.0800720957503379,0.0864711277740726
29748,"Annual",0.0587186402642178,1
45924,"Annual",0.125807540819236,0.119470986771701
46043,"Annual",0.0408428995941237,0.474274350767329
46140,"Annual",0.104806578709149,0.210497700055337
46160,"Annual",0.0180977746142516,0.650463122950713
47067,"Annual",0.017929721511579,0.685328555783378
50629,"Annual",-0.0396309752554894,0.620690717075355
50639,"Annual",0.0416731571698771,0.755496874928883
51647,"Annual",0.113954652094368,0.474274350767329
51784,"Annual",0.150721254565388,0.0318231273864902
51822,"Annual",0.128584659418003,0.371093369522698
51826,"Annual",0.227463155173586,0.283130870662347
51874,"Annual",0.160023603389207,0.371093369522698
51876,"Annual",-0.0624632460979431,0.640428787412791
51940,"Annual",0.0681592500761263,0.350201389179296
51954,"Annual",-0.034811118408881,0.533416513472694
51972,"Annual",0.142835058250096,0.243722284772174
51985,"Annual",0.0496685721218597,0.299665448434302
52143,"Annual",-0.0020378288912764,0.951352130954404
52205,"Annual",-0.0946841874260681,0.371093369522698
52221,"Annual",0.0502577507005942,0.661415917007863
52235,"Annual",-0.00327392674761917,1
52240,"Annual",-0.0429079462221413,0.640428787412791
52241,"Annual",0.0222925190002753,0.858027656987521
52243,"Annual",-0.000341776005811903,1
52274,"Annual",0.0489853495851642,0.582950557761892
52292,"Annual",0.0508598614081139,0.537133857176902
52358,"Annual",0.00175591451133547,1
52389,"Annual",-0.179109501846893,0.212911902811505
52393,"Annual",0.0112002512131326,0.876269663627762
52475,"Annual",-0.121434580151113,0.640428787412791
52532,"Annual",-0.0997411665105386,0.162805449743693
52566,"Annual",-0.000249478609635734,1
52576,"Annual",-0.0294281850736266,0.669334014464053
52577,"Annual",0.00368994788861627,0.921158650225025
52585,"Annual",0.0620761962469409,0.533416513472694
52592,"Annual",-0.0602672731668843,0.584070366945506
52613,"Annual",-0.0420774733125402,0.474274350767329
52617,"Annual",0.0831117046340572,0.303673214899419
52652,"Annual",-0.0299505951969643,0.499461203104015
52666,"Annual",-0.0191650730231791,0.760332307521876
52684,"Annual",-0.00958111230331227,0.755496874928883
52722,"Annual",0.0685336322286011,0.276278415808018
52740,"Annual",0.00801704848670573,0.876269663627762
52851,"Annual",-0.0361182872700542,0.661415917007863
52875,"Annual",-0.0182782494646107,0.620425293710382
52878,"Annual",-0.00931370206277435,0.967142330906372
52884,"Annual",0.0350347908704392,0.363020384944015
52887,"Annual",0.0460205517856224,0.436274928840529
52896,"Annual",0.115439246988729,0.200128117678602
52902,"Annual",0.0166286830344414,0.692180772721877
52906,"Annual",0.0058164019049521,0.967142330906372
52914,"Annual",0.0663074029729913,0.174033580208164
52924,"Annual",-0.00337399809840022,1
52927,"Annual",-0.0370514710023211,0.669334014464053
52940,"Annual",-0.0478897929437145,0.373053116251453
52954,"Annual",-0.0285572004446777,0.392314347285355
52960,"Annual",-0.0110968164627338,1
53020,"Annual",-0.0208305314701381,0.820216749509663
53022,"Annual",0.0110748183349294,0.843085229269984
53025,"Annual",0.0627846136826697,0.0339090759496075
53033,"Annual",-0.0172903332340405,0.854777098065548
53034,"Annual",0.0921390436331649,0.234954783703343
53048,"Annual",0.0397985788674225,0.141725953806468
53062,"Annual",0.0345738680988606,0.155824587862033
53101,"Annual",-0.0125253437790016,0.773080066312313
53109,"Annual",0.00941017801146926,0.892558465851561
53114,"Annual",0.0498550613187153,0.0234762206100809
53117,"Annual",0.065381842085836,0.0427634258331939
53851,"Annual",0.0100343722763251,0.742556821926578
53872,"Annual",0.0391246098198036,0.73170172322421
53877,"Annual",0.0359431905164748,0.443421402864083
53963,"Annual",0.192799373909118,0.00189281948588247
54060,"Annual",0.023719469904607,0.843085229269984
54132,"Annual",0.0430721942400144,0.201612323534696
54141,"Annual",0.0851952963337424,0.303673214899419
54144,"Annual",0.0305959755854813,0.444043639662887
54356,"Annual",0.0285154744716789,0.123549865896804
54413,"Annual",0.0355499297144064,0.669334014464053
54435,"Annual",0.0130980743796404,0.127476932741378
54443,"Annual",0.051214920827875,0.200128117678602
54561,"Annual",-0.0183478246869331,0.544486056825911
54735,"Annual",0.0799279328843521,0.212911902811505
35422,"Annual",-0.00144883678024973,0.955026455293992
35662,"Annual",0.0115190718043601,0.964089361267912
36096,"Annual",0.0146294383586191,0.721176307474874
36215,"Annual",0.0191489141374631,0.537603236348886
36960,"Annual",-0.0159400288788991,0.581254760411818
36980,"Annual",-0.0396212391752204,0.1272886922566
36981,"Annual",0.00822845654618683,0.525992485609421
37530,"Annual",-0.00202656383003788,1
37534,"Annual",-0.00566492161858241,0.566142727568169
24789,"Annual",-0.0203473533542819,0.843085229269984
24947,"Annual",0.198364967281826,0.283130870662347
24960,"Annual",0.119984390942463,0.114756734318649
24969,"Annual",0.053033896576754,0.303096532467549
24971,"Annual",-0.0484437791015772,0.876269663627762
25002,"Annual",0.0400060885558438,0.276278415808018
25024,"Annual",0.0099588949284947,0.892558465851561
25044,"Annual",0.0365750721520488,0.28393508435663
25519,"Annual",-0.00226882797658215,0.879572789007499
25748,"Annual",0.0191214246258452,0.685328555783378
25765,"Annual",0.0202932768735546,0.912814027184075
27762,"Annual",0.00977585603132244,0.526178096719771
28162,"Annual",0.0258501233888159,0.341717880045567
7506,"Annual",-0.0675991634084872,0.720514787136255
53145,"Annual",-0.0787276227600134,0.640428787412791
53338,"Annual",0.0362304207126861,0.200128117678602
53353,"Annual",0.0501945693464865,0.322299595871919
53392,"Annual",0.0508851771922593,0.499461203104015
53532,"Annual",0.00180238438846509,0.871131491597158
53545,"Annual",-0.0365757398454832,0.327285580221955
53549,"Annual",0.0169086226375568,0.581254760411818
53707,"Annual",-0.0387889711790678,0.401102572891941
54039,"Annual",0.00871927413843684,0.820338216433617
54177,"Annual",0.00435760140935707,0.779566064581155
54190,"Annual",-0.0149542207137113,0.381187304987758
54737,"Annual",0.0208098070644806,0.259354892820018
7640,"Annual",-0.22734840565138,0.107404636330254
7660,"Annual",0.0461400696085589,0.837011475105446
7688,"Annual",-0.0275453171174347,0.704853461217842
7689,"Annual",-0.0604439284332331,0.552615125062848
7777,"Annual",0.0172658276686385,0.73170172322421
7901,"Annual",-0.00866881529463096,0.88870559083523
24724,"Annual",0.0867719103123424,0.533416513472694
24805,"Annual",-0.0473368346761309,0.755496874928883
25212,"Annual",0.00534247705768412,0.832591967665674
26357,"Annual",0.0322000297681851,0.9453298708327
26477,"Annual",0.0289741241661635,0.314524869050972
26514,"Annual",0.0446344361820276,0.0626981162609826
26887,"Annual",-0.0733152882904484,0.474274350767329
27558,"Annual",-0.084193605546834,0.742556821926578
27564,"Annual",-0.0364143932431401,0.620425293710382
27566,"Annual",-0.0723997543693239,0.45067028531418
34299,"Annual",0.000816103544240221,1
39225,"Annual",0.0823460349348196,0.198210619038843
39226,"Annual",0.0785793885742407,0.0487449207397066
39297,"Annual",0.030911406300655,0.876269663627762
39356,"Annual",0.00814037874780441,0.876269663627762
39357,"Annual",0.0195020584563956,0.876269663627762
39364,"Annual",-0.0297570133152103,0.876269663627762
39599,"Annual",0.00374593382335133,0.836819705051275
39621,"Annual",0.0551421412873878,0.255818049466537
39837,"Annual",0.0710322568015413,0.640428787412791
54741,"Annual",-0.256898207462087,0.350201389179296
11133,"Annual",0.146543738994852,0.188887477539538
11138,"Annual",0.0566593423404136,0.876269663627762
13957,"Annual",0.0722236915319417,0.100518173207465
15312,"Annual",0.0693256107328732,0.125311111389424
15325,"Annual",0.147258959206302,0.114756734318649
15621,"Annual",0.127418108099323,0.436274928840529
40071,"Annual",0.0676584075482851,0.720514787136255
40102,"Annual",0.00188871441413418,1
40124,"Annual",0.207080072014039,0.210497700055337
40188,"Annual",0.0770649830110024,0.755496874928883
40216,"Annual",-0.0193684598085436,0.858027656987521
40253,"Annual",0.0363743497669141,0.443421402864083
54730,"Annual",0.0418274535152727,0.640428787412791
54731,"Annual",0.178672079118662,0.00748788681514909
54732,"Annual",0.20981998330535,0.107404636330254
54733,"Annual",0.0215025568787865,0.858027656987521
11614,"Annual",0.0515687785605696,0.26605176012296
11620,"Annual",-0.0733960005139913,0.720514787136255
11709,"Annual",0.0243917823197257,0.267327019788506
12307,"Annual",0.0253814729796692,0.349219342794742
45411,"Annual",0.0175472427743542,0.381187304987758
45483,"Annual",-0.255578133838923,0.0864711277740726
45499,"Annual",-0.168873752675305,0.283130870662347
45501,"Annual",-0.152249399043054,0.243722284772174
45503,"Annual",-0.0291001152163979,0.488422316622593
45504,"Annual",-0.0352854192536351,0.544486056825911
45514,"Annual",0.0216962178856945,0.441488211013973
45525,"Annual",0.0181746545545375,0.620425293710382
46212,"Annual",0.0140830476560603,0.721176307474874
46265,"Annual",-0.0178111092459483,0.88870559083523
54672,"Annual",0.0254703630497154,0.186660522415582
54736,"Annual",0.0281559203168401,0.0483982231812983
7408,"Annual",0.0267403652380559,0.224411483786572
7409,"Annual",0.0720681633190662,0.0143257425431082
21367,"Annual",0.0378011644635067,0.162984413296641
21383,"Annual",0.0480344119998888,0.050090305683375
13148,"Annual",0.0405242165790242,0.327285580221955
13277,"Annual",-0.00274678814879376,1
13278,"Annual",0.0454774106956677,0.876269663627762
13857,"Annual",0.0184673017487617,0.685328555783378
13876,"Annual",0.0576570371919477,0.191670591422755
13970,"Annual",0.0418558000303594,0.273561411724749
21370,"Annual",0.0335680896109848,0.17269436302932
54734,"Annual",0.0160689541650545,0.581254760411818
12406,"Annual",0.0302601406101513,0.52886452036419
12469,"Annual",0.0521700531731208,0.137645845518265
18610,"Annual",-0.0473885013458073,0.363315909666391
20846,"Annual",0.0151787910421893,0.843085229269984
20851,"Annual",0.0859293255863597,0.0239875344644269
1,"Annual",0.003192204198793,0.955026455293992
119,"Annual",0.0550102734769338,0.144292055440105
1708,"Annual",0.0404693171326538,0.303096532467549
229,"Annual",-0.00114914819990826,0.92246206718676
3,"Annual",-0.0473076544720263,0.344417522979072
4,"Annual",-0.00234061927196374,0.975910003234818
507,"Annual",0.0917771364258702,0.591505036994917
511,"Annual",0.117869717907661,0.149860747513049
13446,"Annual",-0.103543616297009,0.0163933168888091
13456,"Annual",-0.0142073429174821,0.854777098065548
18023,"Annual",0.166691926493539,0.00309344932276118
18933,"Annual",0.0137440850276997,0.876269663627762
18936,"Annual",-0.0358387038509355,0.620425293710382
5042,"Annual",-0.0504619663875197,0.502158251500749
21871,"Annual",0.0515928512890548,0.0654733584595351
50151,"Annual",0.028688253427135,0.284321714008018
21912,"Annual",0.00863676719894397,1
21917,"Annual",-0.0395602330626099,0.360121647755378
21926,"Annual",0.0383618723382089,0.73170172322421
50314,"Annual",-0.0712280767953104,0.212911902811505
50320,"Annual",-0.0607489589275343,0.582950557761892
50377,"Annual",-0.0949354834098521,0.283130870662347
50413,"Annual",-0.0475318149530439,0.858027656987521
