"LID","season","sen_slope","sen_signif"
"1","annual",0.00172060741477195,1
"1","autumn",0.0511136618861012,0.194595140496186
"1","spring",-0.00621456502671096,0.865649099705735
"1","summer",-0.00815702739708054,0.865649099705735
"1","winter",0.0264516739422888,0.397587391829972
"11133","annual",0.131877606085043,0.228439808988675
"11133","autumn",0.118290311575194,0.100518173207465
"11133","spring",0.10570465644465,0.188887477539538
"11133","summer",0.118497342269667,0.125311111389424
"11133","winter",-0.0241927482291443,0.324423690521579
"11138","annual",0.0387724346484311,0.876269663627762
"11138","autumn",0.0765539773427164,0.640428787412791
"11138","spring",0.216382020401367,0.436274928840529
"11138","summer",0.0952556992405,0.275757847827509
"11138","winter",-0.0274082914768666,0.533416513472694
"11614","annual",0.0513724712043332,0.343419487182742
"11614","autumn",-0.0392477783791724,0.773080066312313
"11614","spring",0.0057680267695746,0.901649504895373
"11614","summer",0.19375141290457,0.0637866370479415
"11614","winter",0.0298264443951258,0.836819705051275
"11620","annual",-0.0850197388419845,0.720514787136255
"11620","autumn",0.0225998771405798,1
"11620","spring",-0.308238700769048,0.283130870662347
"11620","summer",0.065555178891603,0.371093369522698
"11620","winter",0.0415471726634989,0.858027656987521
"11709","annual",0.0282404647046919,0.398035689594248
"11709","autumn",0.0342936856978811,0.672610987228665
"11709","spring",-0.0283414737134188,0.672610987228665
"11709","summer",0.00531860488622016,0.957874598777906
"11709","winter",0.0336439759638134,0.428177790309638
"119","annual",0.0552626621943732,0.256144966603527
"119","autumn",0.0739876551164037,0.144292055440105
"119","spring",0.0472296666332191,0.455535411940753
"119","summer",0.055388313544074,0.284321714008018
"119","winter",0.00213947994977604,0.974117747355371
"11911","annual",0.00563799142069361,1
"11911","autumn",0.260169097786056,0.154629751965815
"11911","spring",-0.246870609914578,0.511220344688192
"11911","summer",-0.262386810483468,0.0374974908157198
"11911","winter",0.0153966495563872,0.826665969670155
"12307","annual",0.0270879742695601,0.31900803011513
"12307","autumn",0.0116084485609235,0.832591967665674
"12307","spring",0.0671315604523313,0.0748114813174168
"12307","summer",0.0159036950330112,0.694644497461478
"12307","winter",-0.0117733873844054,0.607708140108105
"12406","annual",0.0330557159585273,0.441488211013973
"12406","autumn",0.0315844657160375,0.833735241249933
"12406","spring",-0.0382773057749007,0.441488211013973
"12406","summer",-0.0077183217051835,0.944216627991912
"12406","winter",0.0589339805408585,0.327285580221955
"12469","annual",0.0591429300681826,0.137645845518265
"12469","autumn",-0.00187293446015802,0.921158650225025
"12469","spring",0.084766277527113,0.428480419497997
"12469","summer",0.0510234678739485,0.620690717075355
"12469","winter",0.202926058607444,0.113287208222353
"12872","annual",-0.0710968193592766,0.299665448434302
"12872","autumn",-0.143852818074794,0.160555891435809
"12872","spring",-0.018442408056463,0.669334014464053
"12872","summer",-0.0415147712752695,0.760332307521876
"12872","winter",-0.134119312103915,0.127203687631099
"12873","annual",-0.0314036274657212,0.826665969670155
"12873","autumn",-0.0180409781738595,0.912814027184075
"12873","spring",0.0117693030982413,0.912814027184075
"12873","summer",-0.0120867794662836,1
"12873","winter",-0.125372501655624,0.0487449207397066
"12876","annual",0.0445152480034189,0.234954783703343
"12876","autumn",0.0253169551453221,0.766525299523572
"12876","spring",0.00256934741848861,1
"12876","summer",0.0959454563836836,0.137645845518265
"12876","winter",-0.0211735261149457,0.766525299523572
"13148","annual",0.053940476475146,0.234239263033982
"13148","autumn",-0.0210413485686334,0.327285580221955
"13148","spring",0.0511544344719145,0.363020384944015
"13148","summer",0.0772873441408432,0.207856803456587
"13148","winter",-0.0190568032214667,0.575636913604803
"13277","annual",-0.00855767544465172,0.951352130954404
"13277","autumn",0.0138515738260572,0.951352130954404
"13277","spring",-0.0762697304072603,0.760332307521876
"13277","summer",-0.135913561768364,0.0768508722678888
"13277","winter",0.0255586150248307,0.669334014464053
"13278","annual",0.0122188467809097,0.876269663627762
"13278","autumn",0.0493445633135049,0.533416513472694
"13278","spring",-0.0399311106759216,0.876269663627762
"13278","summer",0.143680272364539,0.0867681727038757
"13278","winter",0.0111671497773216,1
"13446","annual",-0.0984975383909947,0.0335241652350047
"13446","autumn",-0.107765971100754,0.0641035767124359
"13446","spring",-0.0701880770493378,0.537133857176902
"13446","summer",0.0224879409634267,1
"13446","winter",-0.031188738139656,0.537133857176902
"13456","annual",-0.00739782772237287,0.854777098065548
"13456","autumn",-0.158657279810345,0.0995087321591697
"13456","spring",0.04116931310143,0.854777098065548
"13456","summer",-0.0771498382600098,0.582950557761892
"13456","winter",-0.0049056557911024,0.854777098065548
"13857","annual",0.0193542039151125,0.620425293710382
"13857","autumn",-0.0149715725046404,0.685328555783378
"13857","spring",0.0569217885184694,0.444043639662887
"13857","summer",0.00520563282823756,0.821891691251159
"13857","winter",0.000147469151403794,1
"13876","annual",0.0620947591713742,0.224134301960167
"13876","autumn",0.0376105552582928,0.558350909375985
"13876","spring",0.0974761563398691,0.224134301960167
"13876","summer",0.146815961059185,0.00789966213049371
"13876","winter",0.0158605289378941,0.685328555783378
"13957","annual",0.0655962063264744,0.125311111389424
"13957","autumn",0.0670119661644056,0.273561411724749
"13957","spring",-0.00954048716328337,0.912814027184075
"13957","summer",0.0802855002892798,0.324423690521579
"13957","winter",0.0542244307320499,0.188887477539538
"13970","annual",0.0580135131885555,0.228439808988675
"13970","autumn",0.0694538370497739,0.125311111389424
"13970","spring",0.106088494621462,0.381074481609294
"13970","summer",0.0475267277905241,0.324423690521579
"13970","winter",-0.0542748821965635,0.511220344688192
"14406","annual",-0.100495021103089,0.474274350767329
"14406","autumn",0.111976441396181,0.720514787136255
"14406","spring",0.0156954466069843,0.858027656987521
"14406","summer",0.0615582993911097,0.474274350767329
"14406","winter",-0.0340117539389896,0.720514787136255
"14546","annual",0.0217778618256108,0.315572735963903
"14546","autumn",0.00860242436912374,0.791699347271874
"14546","spring",0.0246737585957934,0.267327019788506
"14546","summer",0.0567327873800207,0.0572296357328575
"14546","winter",-0.0102363559877999,0.267327019788506
"15013","annual",0.135863217941232,0.212911902811505
"15013","autumn",0.0458599777144917,0.876269663627762
"15013","spring",-0.0381290108858526,0.755496874928883
"15013","summer",0.121598819330348,0.350201389179296
"15013","winter",0.132305687610371,0.350201389179296
"15033","annual",-0.0368646136537496,0.436274928840529
"15033","autumn",-0.217425618811513,0.212911902811505
"15033","spring",0.000256071707533797,1
"15033","summer",-0.0734451385204886,0.640428787412791
"15033","winter",-0.106334208531867,0.350201389179296
"15312","annual",0.0757380835183254,0.100518173207465
"15312","autumn",0.115455191235648,0.188887477539538
"15312","spring",0.208531345762664,0.0798019286423907
"15312","summer",0.0750192583958429,0.443421402864083
"15312","winter",-0.0581402248434733,0.584070366945506
"15325","annual",0.129220224682325,0.114756734318649
"15325","autumn",0.0656980741377353,0.192616274329602
"15325","spring",0.244796766792873,0.0111748113273804
"15325","summer",0.168626454943041,0.00748788681514909
"15325","winter",0.0343598265140224,0.73170172322421
"15621","annual",0.142390229466259,0.436274928840529
"15621","autumn",0.237546437027708,0.119470986771701
"15621","spring",0.158587473685975,0.436274928840529
"15621","summer",0.172855112714773,0.0617066900283127
"15621","winter",0.0506628321697381,0.755496874928883
"1708","annual",0.036103647337051,0.232248741984054
"1708","autumn",0.0328582693305364,0.536648236300515
"1708","spring",0.0513948217873057,0.59230128143299
"1708","summer",-0.0389367765095979,0.387013990315225
"1708","winter",0.0796669458723974,0.232248741984054
"18023","annual",0.179158916182235,0.00184572131769627
"18023","autumn",0.29756899928088,0.0292725091863045
"18023","spring",0.137767067938284,0.0867681727038757
"18023","summer",-0.138394326673197,0.876269663627762
"18023","winter",0.0638125869985981,0.436274928840529
"18610","annual",-0.0334547372584531,0.544486056825911
"18610","autumn",-0.0539723905479621,0.544486056825911
"18610","spring",-0.0489765438458075,0.649445669217466
"18610","summer",0.00219479724977766,1
"18610","winter",-0.00113528666181847,0.879572789007499
"18933","annual",0.00149111427586017,1
"18933","autumn",0.109298520233742,0.275757847827509
"18933","spring",-0.0975064258028855,0.640428787412791
"18933","summer",0.093907884089095,0.755496874928883
"18933","winter",-0.0154465246227815,0.755496874928883
"18936","annual",-0.0395498660557639,0.558350909375985
"18936","autumn",0.0176005948397258,0.892558465851561
"18936","spring",-0.0557217109347761,0.444043639662887
"18936","summer",0.0786443334797413,0.499461203104015
"18936","winter",-0.0357736608572379,0.620425293710382
"1974","annual",0.0660299869552445,0.45067028531418
"1974","autumn",0.00438208229540985,1
"1974","spring",0.0537083989790977,0.73170172322421
"1974","summer",-0.0565097703163049,0.73170172322421
"1974","winter",0.138737750174755,0.149860747513049
"20846","annual",0.00972734160066091,0.921158650225025
"20846","autumn",-0.00579876600669871,1
"20846","spring",-0.00260838393904789,0.921158650225025
"20846","summer",0.113677730138734,0.234954783703343
"20846","winter",-0.162691187268505,0.0477612426751037
"20851","annual",0.0848641733105815,0.0239875344644269
"20851","autumn",0.0208844622578579,0.760332307521876
"20851","spring",0.084458392451835,0.669334014464053
"20851","summer",0.0904300180387946,0.246387360029247
"20851","winter",0.0471826914417404,0.502158251500749
"21367","annual",0.0390328517600325,0.22996907772364
"21367","autumn",0.0156620467049068,0.721176307474874
"21367","spring",0.042264328495634,0.417304165627405
"21367","summer",0.0475052413998627,0.314524869050972
"21367","winter",-0.0170237814319031,0.673188747815444
"21370","annual",0.0407506249480915,0.129745046395717
"21370","autumn",0.0170637659077484,0.495366298803089
"21370","spring",0.0813096641906911,0.197801027037801
"21370","summer",0.0487542390057776,0.495366298803089
"21370","winter",0.0197925844967868,0.649445669217466
"21383","annual",0.0433340583169562,0.0688733413605735
"21383","autumn",0.0154712560654033,0.575636913604803
"21383","spring",0.0463062857007663,0.441488211013973
"21383","summer",0.128930929897589,0.050090305683375
"21383","winter",0.00584729953026664,0.88870559083523
"21871","annual",0.0471079264984562,0.0748114813174168
"21871","autumn",0.0301590534341536,0.450295153307041
"21871","spring",0.0548301019525963,0.1941266858781
"21871","summer",0.0589253232629593,0.0748114813174168
"21871","winter",0.00842221945717831,0.694644497461478
"21912","annual",-0.00458892748662443,0.876269663627762
"21912","autumn",0.0515688341288332,0.755496874928883
"21912","spring",-0.109988104385055,0.640428787412791
"21912","summer",0.268428921188444,0.212911902811505
"21912","winter",-0.0522953479701952,0.436274928840529
"21917","annual",-0.0349743023437896,0.427710510297464
"21917","autumn",-0.0315914812524095,0.360121647755378
"21917","spring",0.0225204778638723,0.760332307521876
"21917","summer",0.103235044834129,0.299665448434302
"21917","winter",-0.0443479738192499,0.502158251500749
"21926","annual",0.0530593914068057,0.837011475105446
"21926","autumn",0.0165120772852871,0.837011475105446
"21926","spring",0.020367436542217,0.73170172322421
"21926","summer",-0.0216617607203657,0.837011475105446
"21926","winter",0.00832507595360127,0.837011475105446
"229","annual",-0.00381807625074983,0.974117747355371
"229","autumn",0.0227539303733935,0.626496274346911
"229","spring",-0.0142530011830949,0.673188747815444
"229","summer",0.028661814542019,0.673188747815444
"229","winter",-0.0428687286261925,0.417304165627405
"23721","annual",0.0172450533864107,0.392314347285355
"23721","autumn",-0.0580704832120768,0.499461203104015
"23721","spring",0.00369555337016543,1
"23721","summer",0.10063609060818,0.191670591422755
"23721","winter",0.0464216997646798,0.224134301960167
"24271","annual",0.0942355623865141,0.100518173207465
"24271","autumn",0.013456105485618,0.912814027184075
"24271","spring",0.187718239536491,0.324423690521579
"24271","summer",0.0247107013127234,0.443421402864083
"24271","winter",0.00882062464444289,0.742556821926578
"24304","annual",0.016636013434151,1
"24304","autumn",0.15299950282755,0.0736382701203027
"24304","spring",0.222293415127362,0.474274350767329
"24304","summer",0.110795298011897,0.210497700055337
"24304","winter",-0.0280927789798889,0.107404636330254
"24724","annual",0.0821241510490314,0.533416513472694
"24724","autumn",0.0615746227240116,0.533416513472694
"24724","spring",0.0534607004351401,1
"24724","summer",-0.0159103126450599,1
"24724","winter",0.0618062167948474,0.350201389179296
"24789","annual",-0.0225000001926267,0.620690717075355
"24789","autumn",-0.0569223233908172,0.552615125062848
"24789","spring",-0.0517742436220834,0.692180772721877
"24789","summer",-0.0986700497388368,0.620690717075355
"24789","winter",0.111709135056495,0.0600382909095791
"24805","annual",-0.0353645346065215,0.876269663627762
"24805","autumn",-0.137461937439988,0.275757847827509
"24805","spring",0.0671549899119738,0.533416513472694
"24805","summer",-0.0481478244667899,0.876269663627762
"24805","winter",0.0391688084833242,0.755496874928883
"24947","annual",0.215953898823114,0.283130870662347
"24947","autumn",-0.028303362538642,1
"24947","spring",-0.00956082765488908,1
"24947","summer",0.376966052299314,0.210497700055337
"24947","winter",0.121449980434698,0.474274350767329
"24960","annual",0.129293427450877,0.243722284772174
"24960","autumn",0.0914427703208935,0.149860747513049
"24960","spring",0.138031126411503,0.537133857176902
"24960","summer",0.148949695906536,0.372691490471518
"24960","winter",0.126833116530213,0.192616274329602
"24969","annual",0.0421485499844707,0.26605176012296
"24969","autumn",0.0648082007192941,0.433826840365301
"24969","spring",-0.0730784370246182,0.483755786496452
"24969","summer",0.0655684730412375,0.387013990315225
"24969","winter",0.0789952136629467,0.14937517875499
"24971","annual",-0.0628157001994431,0.876269663627762
"24971","autumn",0.0273263823189995,0.755496874928883
"24971","spring",-0.122374923967164,0.350201389179296
"24971","summer",-0.136291140314881,0.350201389179296
"24971","winter",0.20882039718291,0.161124949289052
"25002","annual",0.0541811481564816,0.322299595871919
"25002","autumn",-0.0168099693832642,0.921158650225025
"25002","spring",-0.0419781814860878,0.692180772721877
"25002","summer",0.0488876047083053,0.552615125062848
"25002","winter",0.129617617123698,0.0600382909095791
"25024","annual",0.00735945462282839,0.821891691251159
"25024","autumn",0.0411039057998837,0.620425293710382
"25024","spring",-0.0321399711375788,0.558350909375985
"25024","summer",-0.0564234291740801,0.392314347285355
"25024","winter",0.086495067135786,0.0216673999284264
"25044","annual",0.0297336208739356,0.366879600646212
"25044","autumn",0.0738961634253299,0.114316775540404
"25044","spring",-0.000365629203395557,0.955026455293992
"25044","summer",0.0861657472048334,0.214713301425192
"25044","winter",0.00590247607478382,0.777959384381542
"25212","annual",0.0124605969945847,0.566142727568169
"25212","autumn",0.0285644253615369,0.381187304987758
"25212","spring",-0.0521769203916037,0.155824587862033
"25212","summer",0.0945971539226997,0.0748114813174168
"25212","winter",-0.00782372466473256,0.739763807728124
"25519","annual",-0.00292234137907558,0.939613698235622
"25519","autumn",0.0137173787616778,0.704853461217842
"25519","spring",-0.0249910693266371,0.820216749509663
"25519","summer",-0.0510457689212238,0.649445669217466
"25519","winter",0.0442233005418164,0.363315909666391
"25748","annual",0.0272358218509647,0.620425293710382
"25748","autumn",-0.0125345736960843,0.752641982768185
"25748","spring",-0.0250535886615355,0.558350909375985
"25748","summer",0.143628374136869,0.115074647821179
"25748","winter",0.00326235904852468,0.964089361267912
"25765","annual",0.0227420297243846,0.584070366945506
"25765","autumn",-0.0246839473713416,0.661415917007863
"25765","spring",-0.0625307419707435,0.661415917007863
"25765","summer",-0.00202901792919974,1
"25765","winter",0.0214701037337449,0.826665969670155
"25972","annual",0.0813702422121997,0.26605176012296
"25972","autumn",-0.00863563663727305,0.967142330906372
"25972","spring",-0.0335987414664842,0.710835924814926
"25972","summer",0.107170165175801,0.433826840365301
"25972","winter",-0.000143870080122333,1
"25994","annual",-0.00835234976566648,0.892558465851561
"25994","autumn",-0.0622843514641163,0.752641982768185
"25994","spring",-0.0574969358175658,0.499461203104015
"25994","summer",-0.00542693858230982,1
"25994","winter",-0.0577587249510484,0.558350909375985
"26036","annual",0.0683292959154288,0.436274928840529
"26036","autumn",0.0257008098611227,0.876269663627762
"26036","spring",0.198411101706886,0.0429601460284251
"26036","summer",-0.150480111642467,0.350201389179296
"26036","winter",0.0712489761635036,0.212911902811505
"26111","annual",0.0104535750811432,0.921158650225025
"26111","autumn",-0.0450902830213905,0.620690717075355
"26111","spring",0.0621418763094598,0.0924595951108613
"26111","summer",-0.0641109244704934,0.322299595871919
"26111","winter",0.0419897826031335,0.692180772721877
"26357","annual",0.00301296278440362,0.9453298708327
"26357","autumn",-0.165520194556904,0.243722284772174
"26357","spring",0.0311218155788044,0.837011475105446
"26357","summer",0.122828551875275,0.372691490471518
"26357","winter",0.0535436480390666,0.537133857176902
"26477","annual",0.028797077256572,0.381032385484343
"26477","autumn",0.0586836747395897,0.314524869050972
"26477","spring",-0.0213145747422947,0.626496274346911
"26477","summer",0.0566868521579567,0.284321714008018
"26477","winter",0.0483985796617538,0.256144966603527
"26514","annual",0.0567119180606848,0.0374974908157198
"26514","autumn",0.0444827046642388,0.443421402864083
"26514","spring",0.0124773545956116,0.661415917007863
"26514","summer",0.0324861784040721,0.661415917007863
"26514","winter",0.0513587807627397,0.661415917007863
"26887","annual",-0.0667824671999749,0.474274350767329
"26887","autumn",0.0442324779724,0.371093369522698
"26887","spring",-0.242744040681023,0.210497700055337
"26887","summer",0.177460116185014,0.283130870662347
"26887","winter",0.0328624465100349,0.591505036994917
"27286","annual",0.0188659705964833,0.561220207393617
"27286","autumn",0.0189651764957118,0.561220207393617
"27286","spring",-0.0244875222625511,0.634510292881857
"27286","summer",0.105399165204081,0.101536833967337
"27286","winter",-0.0193735978457417,0.526178096719771
"27558","annual",-0.0388709540984156,0.584070366945506
"27558","autumn",-0.124027894295943,0.324423690521579
"27558","spring",-0.179634878329215,0.443421402864083
"27558","summer",-0.0317433141868781,0.661415917007863
"27558","winter",-0.0727204374409488,0.443421402864083
"27564","annual",-0.0247519422453282,0.685328555783378
"27564","autumn",-0.0584587481385591,0.685328555783378
"27564","spring",-0.299965877900667,0.0216673999284264
"27564","summer",-0.124235577232138,0.558350909375985
"27564","winter",0.0806304843841524,0.558350909375985
"27566","annual",-0.0808567922134098,0.45067028531418
"27566","autumn",0.0414520311746105,0.73170172322421
"27566","spring",-0.122615115808902,0.631221820478253
"27566","summer",0.0612378048104927,0.837011475105446
"27566","winter",-0.159636204845307,0.114756734318649
"27762","annual",0.00717393566567417,0.672610987228665
"27762","autumn",0.0242678213139291,0.290777169282727
"27762","spring",-0.0281007574891695,0.315572735963903
"27762","summer",0.0603063316285427,0.15382082239203
"27762","winter",-0.0217996565738257,0.186660522415582
"27936","annual",-0.00729180086366762,0.964089361267912
"27936","autumn",0.0594918393304789,0.685328555783378
"27936","spring",-0.0231334331660237,0.892558465851561
"27936","summer",0.000217373967743351,1
"27936","winter",0.0124871248107478,0.821891691251159
"28066","annual",-0.0415123905948039,0.59230128143299
"28066","autumn",0.0302230791763739,0.901649504895373
"28066","spring",0.0033606427726065,0.967142330906372
"28066","summer",0.223877468922316,0.0528611484384968
"28066","winter",-0.0247268296391236,0.773080066312313
"28162","annual",0.0293379173809154,0.369209265032158
"28162","autumn",0.0360932400087396,0.15382082239203
"28162","spring",-0.018271104998641,0.832665939518151
"28162","summer",0.0942378237042135,0.090976463086059
"28162","winter",-0.000195900063177312,0.957874598777906
"28532","annual",0.188673468964244,0.107404636330254
"28532","autumn",-0.103417432962963,0.210497700055337
"28532","spring",0.321698035843173,0.0318231273864902
"28532","summer",0.454877426693034,0.107404636330254
"28532","winter",0.0303929873098268,0.858027656987521
"29244","annual",0.172189149505996,0.283130870662347
"29244","autumn",-0.000790785646979941,1
"29244","spring",0.206871741601756,0.371093369522698
"29244","summer",0.0592687944070478,0.720514787136255
"29244","winter",0.175760593923163,0.474274350767329
"29250","annual",0.0304541501636617,0.584070366945506
"29250","autumn",-0.128417623078377,0.154629751965815
"29250","spring",0.102962747556905,0.381074481609294
"29250","summer",-0.119559760482458,0.273561411724749
"29250","winter",0.035882469367794,0.661415917007863
"29748","annual",0.0425094908025144,1
"29748","autumn",-0.11223307145603,0.591505036994917
"29748","spring",0.144078617770668,0.591505036994917
"29748","summer",0.356617396491778,0.283130870662347
"29748","winter",-0.100465273443613,0.283130870662347
"29956","annual",-0.0935436041600684,0.243722284772174
"29956","autumn",-0.418483985127089,0.114756734318649
"29956","spring",0.261241139727385,0.45067028531418
"29956","summer",-0.0776960940762958,0.537133857176902
"29956","winter",-0.157765437597191,0.303673214899419
"3","annual",-0.058417041185409,0.392314347285355
"3","autumn",-0.0509442973623525,0.300427116749241
"3","spring",-0.0633506978680629,0.344417522979072
"3","summer",0.0293370429410992,0.685328555783378
"3","winter",-0.0376820827495447,0.685328555783378
"30380","annual",0.0194964685971648,1
"30380","autumn",-0.00405337439144512,1
"30380","spring",0.199753271204626,0.533416513472694
"30380","summer",-0.129127175343427,0.119470986771701
"30380","winter",0.128373979927515,0.350201389179296
"32805","annual",0.0248127313401794,0.575636913604803
"32805","autumn",-0.0390262665878658,0.779566064581155
"32805","spring",0.00225973873166607,1
"32805","summer",-0.0329141400786094,0.674611943553671
"32805","winter",0.0185957111333023,0.624276846120749
"33309","annual",0.0381487224493703,0.324712384363857
"33309","autumn",0.12352260872168,0.0339090759496075
"33309","spring",-0.0927573308984599,0.40467024441074
"33309","summer",0.144326171126547,0.0488795923567911
"33309","winter",0.0107885591934114,0.448718015619145
"34299","annual",0.00688530427455381,0.88870559083523
"34299","autumn",0.0464434601052053,0.401102572891941
"34299","spring",-0.0796265523569867,0.26291056711835
"34299","summer",0.0506931831708665,0.52886452036419
"34299","winter",-0.0311248492698608,0.72644698403686
"34665","annual",0.0117452221378771,0.820216749509663
"34665","autumn",0.100157015942757,0.40467024441074
"34665","spring",-0.0309263894924414,0.649445669217466
"34665","summer",-0.0831106506146201,0.595912394811716
"34665","winter",-5.43943843260207e-05,1
"34688","annual",-0.0457983245483692,0.45067028531418
"34688","autumn",0.0510660299961184,0.837011475105446
"34688","spring",-0.196682341243635,0.192616274329602
"34688","summer",-0.0197335313379027,0.9453298708327
"34688","winter",-0.0873273771740748,0.303673214899419
"34689","annual",-0.139749193390255,0.127203687631099
"34689","autumn",-0.0354107626532888,0.582950557761892
"34689","spring",-0.258545716309011,0.0173433591624235
"34689","summer",-0.0101659217514014,0.951352130954404
"34689","winter",-0.156304051855392,0.160555891435809
"35422","annual",0.00415015403079551,0.865649099705735
"35422","autumn",0.0139295888878922,0.49856438700637
"35422","spring",-0.0689287065777201,0.0627352288500378
"35422","summer",0.067113585396312,0.194595140496186
"35422","winter",0.00368783544632834,1
"35662","annual",-0.007738423706115,0.964089361267912
"35662","autumn",0.0246622878485645,0.752641982768185
"35662","spring",-0.0738238594231298,0.620425293710382
"35662","summer",-0.175663299753399,0.162805449743693
"35662","winter",0.0429102843792771,0.499461203104015
"36096","annual",0.00566352990502086,0.871131491597158
"36096","autumn",-0.0289386406967974,0.284321714008018
"36096","spring",-0.026596786139425,0.626496274346911
"36096","summer",0.0446991315928939,0.673188747815444
"36096","winter",0.0212097815853857,0.626496274346911
"36215","annual",0.0197974078254612,0.673188747815444
"36215","autumn",-0.0563370846599411,0.381032385484343
"36215","spring",-0.01839132884606,0.820338216433617
"36215","summer",-0.038989750447723,0.581254760411818
"36215","winter",-0.0374556752700585,0.346764183516184
"36960","annual",-0.0369807432966927,0.314524869050972
"36960","autumn",-0.0233230940022938,0.871131491597158
"36960","spring",-0.0381381345784289,0.820338216433617
"36960","summer",-0.0112594454724578,0.871131491597158
"36960","winter",-0.0575800163851553,0.256144966603527
"36980","annual",-0.0367638440136411,0.1272886922566
"36980","autumn",-0.0215839229168459,0.455535411940753
"36980","spring",-0.071003379344448,0.0409545443203829
"36980","summer",0.0212125576124232,0.673188747815444
"36980","winter",-0.0501604106535772,0.111886674896788
"36981","annual",0.0100821498685151,0.607708140108105
"36981","autumn",0.00439638010168232,0.927817769226368
"36981","spring",-0.0480674640887478,0.215688695591323
"36981","summer",0.063061541487899,0.155824587862033
"36981","winter",0.0157311729125355,0.832591967665674
"37530","annual",-0.00757698604801573,0.92246206718676
"37530","autumn",0.0223108670852691,0.673188747815444
"37530","spring",-0.0956640778177001,0.0212482443879279
"37530","summer",0.0948476427429107,0.22996907772364
"37530","winter",-0.0280521985068776,0.346764183516184
"37534","annual",-0.0164375097552272,0.607708140108105
"37534","autumn",-0.0111490803447951,0.650581986958389
"37534","spring",-0.0425162185896615,0.31900803011513
"37534","summer",0.0523545341501318,0.238924218578746
"37534","winter",0.000570720344404739,1
"37607","annual",-0.0438081814247538,0.45067028531418
"37607","autumn",0.00151250467835737,1
"37607","spring",-0.101550079823639,0.537133857176902
"37607","summer",-0.0740992576655177,0.837011475105446
"37607","winter",-0.158156198444445,0.372691490471518
"38421","annual",-0.00437002721727957,0.939613698235622
"38421","autumn",0.00857286198397726,0.939613698235622
"38421","spring",-0.0082579517854553,0.761873394777985
"38421","summer",0.0421040555989309,0.649445669217466
"38421","winter",0.0460717001781988,0.448718015619145
"38502","annual",0.0162881219284986,0.450295153307041
"38502","autumn",0.0325896989252688,0.174190482700077
"38502","spring",0.0347153378297871,0.349219342794742
"38502","summer",0.0867132867571932,0.0967474505928423
"38502","winter",-0.0174205233646399,0.694644497461478
"38638","annual",0.0249032427182524,0.414890939658485
"38638","autumn",0.0123710472828033,0.487350390335321
"38638","spring",0.00528712363874283,0.832591967665674
"38638","summer",0.0814641335793806,0.0967474505928423
"38638","winter",0.0591100356606363,0.215688695591323
"38664","annual",0.0279802616505719,0.595912394811716
"38664","autumn",0.0750887214595125,0.324712384363857
"38664","spring",-0.0315266086846053,0.649445669217466
"38664","summer",0.0965087083508789,0.111640311945597
"38664","winter",0.0653016095644013,0.197801027037801
"38665","annual",0.00557812184649387,0.88870559083523
"38665","autumn",0.0332511407424855,0.624276846120749
"38665","spring",0.00884153895009909,0.944216627991912
"38665","summer",0.0532358471881089,0.484107537792662
"38665","winter",0.00930358575322998,0.72644698403686
"38955","annual",-0.00291844949242837,0.879572789007499
"38955","autumn",0.150642486316857,0.0339090759496075
"38955","spring",-0.155139752034811,0.150050636557259
"38955","summer",-0.00809051869298661,0.879572789007499
"38955","winter",0.0161599944552973,0.704853461217842
"38974","annual",-0.00654747595576719,0.944216627991912
"38974","autumn",-0.00655962510641674,0.88870559083523
"38974","spring",-0.0413121593971996,0.161686216592041
"38974","summer",0.0268508174481665,0.52886452036419
"38974","winter",0.0362819020599758,0.293917170251957
"39225","annual",0.0847144388138835,0.276278415808018
"39225","autumn",0.0788062551118112,0.488422316622593
"39225","spring",0.0758005529365539,0.234954783703343
"39225","summer",0.0824499527545903,0.692180772721877
"39225","winter",0.0275791348719558,0.373053116251453
"39226","annual",0.0655590220378317,0.228439808988675
"39226","autumn",0.0854339309822625,0.381074481609294
"39226","spring",-0.0718043073636737,0.381074481609294
"39226","summer",0.101872888490846,0.443421402864083
"39226","winter",0.0601420629321918,0.228439808988675
"39297","annual",0.0126606068934403,1
"39297","autumn",-0.00514101820801152,1
"39297","spring",0.0982110760482482,0.436274928840529
"39297","summer",-0.00155743267720663,1
"39297","winter",0.0783000903593425,0.640428787412791
"39356","annual",0.0185214727639597,0.876269663627762
"39356","autumn",0.0282984052423498,0.436274928840529
"39356","spring",0.0380381951473234,0.436274928840529
"39356","summer",0.0780153916110315,0.755496874928883
"39356","winter",0.148970595067947,0.350201389179296
"39357","annual",-0.00175297199597568,1
"39357","autumn",0.0406749435249252,0.640428787412791
"39357","spring",-0.0409419118446127,0.755496874928883
"39357","summer",0.083312190417109,0.755496874928883
"39357","winter",0.178533509853412,0.161124949289052
"39364","annual",-0.0309620528008554,0.876269663627762
"39364","autumn",0.054172251681338,0.212911902811505
"39364","spring",-0.0395313173493198,0.640428787412791
"39364","summer",0.0950659260412339,0.755496874928883
"39364","winter",0.0772784165299867,0.275757847827509
"39599","annual",-0.00643655446924853,0.901649504895373
"39599","autumn",0.180010197454678,0.0188755459296659
"39599","spring",-0.092668882117578,0.387013990315225
"39599","summer",-0.0412676855579863,0.536648236300515
"39599","winter",0.0624304335077077,0.433826840365301
"39621","annual",0.0470351223970291,0.324712384363857
"39621","autumn",-0.00642750411927473,0.820216749509663
"39621","spring",0.0459501219314961,0.595912394811716
"39621","summer",-0.0271234953557595,0.544486056825911
"39621","winter",0.0609714422737962,0.17269436302932
"39837","annual",0.075879123445274,0.350201389179296
"39837","autumn",0.0897348789216816,0.350201389179296
"39837","spring",0.00615413195413441,1
"39837","summer",0.0901440947921733,0.436274928840529
"39837","winter",0.157640043055547,0.0429601460284251
"4","annual",0.0100806327098718,0.927817769226368
"4","autumn",0.0141175126046807,0.879987855827713
"4","spring",0.0268027914174991,0.349219342794742
"4","summer",0.0229181098505104,0.566142727568169
"4","winter",-0.0383464241076916,0.487350390335321
"40050","annual",0.0193477737381546,0.455535411940753
"40050","autumn",0.04210210576519,0.183447228172473
"40050","spring",0.0404635609676979,0.49566272449003
"40050","summer",0.0466743726060653,0.1272886922566
"40050","winter",-0.0393270145630495,0.144292055440105
"40071","annual",0.0718787421631699,0.858027656987521
"40071","autumn",0.120230409148034,0.107404636330254
"40071","spring",0.175535350581331,0.474274350767329
"40071","summer",0.192292466414482,0.0736382701203027
"40071","winter",-0.0810847176156531,0.720514787136255
"40102","annual",0.0175715252549082,0.858027656987521
"40102","autumn",0.139986027588906,0.283130870662347
"40102","spring",0.26758113823522,0.210497700055337
"40102","summer",0.14456472607141,0.107404636330254
"40102","winter",-0.0301290036527238,0.474274350767329
"40124","annual",0.203010891426139,0.210497700055337
"40124","autumn",0.155723719303183,0.0490979816092656
"40124","spring",0.306610095792624,0.107404636330254
"40124","summer",0.201115872219317,0.210497700055337
"40124","winter",0.0642244813319826,0.591505036994917
"40188","annual",0.0879141874082361,0.640428787412791
"40188","autumn",0.0190365668666613,0.755496874928883
"40188","spring",0.309492183319846,0.275757847827509
"40188","summer",0.00120516972161653,1
"40188","winter",0.0783985658010667,0.436274928840529
"40216","annual",-0.0289453329143994,0.858027656987521
"40216","autumn",0.0210189903724158,1
"40216","spring",-0.272095393080939,0.720514787136255
"40216","summer",-0.322436568308349,0.210497700055337
"40216","winter",0.0384551338862749,0.474274350767329
"40253","annual",0.0282632806245364,0.511220344688192
"40253","autumn",-0.0293915760644062,0.661415917007863
"40253","spring",0.159951743076849,0.100518173207465
"40253","summer",0.0340401300145627,0.381074481609294
"40253","winter",-0.0574309201011618,0.443421402864083
"40326","annual",-0.0269908936663077,0.314524869050972
"40326","autumn",-0.0105963151610675,0.770287726473667
"40326","spring",-0.0573400157161663,0.183447228172473
"40326","summer",-0.0143620912210807,0.770287726473667
"40326","winter",-0.0143736754663597,0.581254760411818
"40396","annual",0.00344303930760464,0.761873394777985
"40396","autumn",6.12737027389324e-05,1
"40396","spring",0.036623845629731,0.544486056825911
"40396","summer",0.023741848533889,0.649445669217466
"40396","winter",-0.0281816973808755,0.448718015619145
"41299","annual",-0.0202915515874881,0.624276846120749
"41299","autumn",0.0394020706593257,0.484107537792662
"41299","spring",-0.053953842856097,0.26291056711835
"41299","summer",-0.0110531882220608,1
"41299","winter",0.0124328341556358,0.88870559083523
"41305","annual",-0.0193696525152682,0.525992485609421
"41305","autumn",-0.0415597548017215,0.414890939658485
"41305","spring",-0.0521181368626169,0.138966893956733
"41305","summer",0.0101961693758954,0.927817769226368
"41305","winter",2.31958859610098e-05,1
"41306","annual",0.00116809927836824,0.975910003234818
"41306","autumn",-0.0390885399168289,0.525992485609421
"41306","spring",-0.0512335862783897,0.349219342794742
"41306","summer",0.0281633571370861,0.566142727568169
"41306","winter",0.0536013666172931,0.31900803011513
"41314","annual",0.00153241186531794,1
"41314","autumn",-0.109503748024771,0.275757847827509
"41314","spring",0.0787987236703529,0.876269663627762
"41314","summer",-0.0167072844824792,0.876269663627762
"41314","winter",-0.10579847453195,0.436274928840529
"41354","annual",-0.0184585623288639,0.820338216433617
"41354","autumn",-0.0205821318834683,0.871131491597158
"41354","spring",-0.0398138553863476,0.673188747815444
"41354","summer",0.0288172834236086,0.626496274346911
"41354","winter",-0.0329559424825943,0.537603236348886
"4345","annual",0.0759980117014788,0.0641035767124359
"4345","autumn",0.0760951965897378,0.537133857176902
"4345","spring",0.111291400265076,0.631221820478253
"4345","summer",0.0496250519438669,0.631221820478253
"4345","winter",-0.0266349849514968,0.73170172322421
"44391","annual",-0.0398314335084737,0.225479297447916
"44391","autumn",-0.0210370098419133,0.595912394811716
"44391","spring",-0.190860808277824,0.0153433001929185
"44391","summer",0.0383422325546278,0.649445669217466
"44391","winter",0.0388488049604346,0.255818049466537
"44405","annual",-0.0636851689806203,0.0408158476159627
"44405","autumn",-0.0415470832773885,0.40467024441074
"44405","spring",-0.11336714195785,0.0582402695915613
"44405","summer",-0.0290187517475532,0.649445669217466
"44405","winter",0.0261200324740643,0.544486056825911
"44599","annual",0.0127164077018644,0.879572789007499
"44599","autumn",0.0774807987347946,0.649445669217466
"44599","spring",-0.0536458917247236,0.40467024441074
"44599","summer",-0.0541272281519881,0.363315909666391
"44599","winter",0.0668418701916426,0.495366298803089
"44694","annual",-0.0135616639355125,0.944216627991912
"44694","autumn",0.00917393321488769,0.944216627991912
"44694","spring",-0.0687732529120308,0.484107537792662
"44694","summer",0.0168052438716084,0.674611943553671
"44694","winter",0.0188436984056862,0.624276846120749
"44746","annual",0.0759400307507429,0.234239263033982
"44746","autumn",-0.00555433825320832,0.88870559083523
"44746","spring",0.0692685529923948,0.484107537792662
"44746","summer",-0.0146811830489481,0.944216627991912
"44746","winter",0.086436112904674,0.207856803456587
"44747","annual",0.00291880721592995,1
"44747","autumn",-0.0169696641822495,0.704853461217842
"44747","spring",-0.013735315417232,0.939613698235622
"44747","summer",-0.0736453084596412,0.255818049466537
"44747","winter",0.0427896375980905,0.495366298803089
"45153","annual",0.027956078116293,0.595912394811716
"45153","autumn",0.0955831011026522,0.40467024441074
"45153","spring",-0.114638120897275,0.0955902198522511
"45153","summer",0.0875912597559739,0.150050636557259
"45153","winter",0.039164917671,0.649445669217466
"45411","annual",0.0168150905858028,0.414890939658485
"45411","autumn",0.0381963237442509,0.487350390335321
"45411","spring",-0.0132222800749966,0.739763807728124
"45411","summer",0.0909399211882954,0.155824587862033
"45411","winter",-0.039211555940316,0.109501701196475
"45483","annual",-0.262451671698301,0.0641035767124359
"45483","autumn",-0.516670323856912,0.0467449410537112
"45483","spring",-0.0749859219840629,0.73170172322421
"45483","summer",0.0920106498710096,0.537133857176902
"45483","winter",-0.433755409662782,0.0335241652350047
"45499","annual",-0.184436680958981,0.283130870662347
"45499","autumn",0.0951893801454759,0.858027656987521
"45499","spring",-0.324132848766256,0.152406283956749
"45499","summer",0.0213406865236501,1
"45499","winter",-0.182537714957848,0.210497700055337
"45501","annual",-0.173699391139604,0.149860747513049
"45501","autumn",0.235608957869636,0.372691490471518
"45501","spring",-0.314341390085354,0.631221820478253
"45501","summer",-0.0240124059266747,0.837011475105446
"45501","winter",-0.0306342179379343,0.9453298708327
"45503","annual",-0.0620876047036752,0.373053116251453
"45503","autumn",-0.0135969224369017,0.766525299523572
"45503","spring",-0.0427638521706215,0.488422316622593
"45503","summer",0.0392269765147543,0.373053116251453
"45503","winter",0.00615846227724391,0.921158650225025
"45504","annual",-0.046980692232243,0.544486056825911
"45504","autumn",-0.100937886811144,0.255818049466537
"45504","spring",-0.0341355074193951,0.363315909666391
"45504","summer",-0.00548870076434014,0.761873394777985
"45504","winter",-0.0195740687456671,0.761873394777985
"45514","annual",0.0243789418837046,0.401102572891941
"45514","autumn",0.0177018595567128,0.674611943553671
"45514","spring",0.018948139307815,0.72644698403686
"45514","summer",0.0247806827377531,0.779566064581155
"45514","winter",-0.00440470929856954,0.944216627991912
"45525","annual",0.0142068730039237,0.620425293710382
"45525","autumn",0.048257697599069,0.444043639662887
"45525","spring",0.00359695535331221,1
"45525","summer",-0.0260170917301999,0.752641982768185
"45525","winter",0.0194979109798204,0.499461203104015
"45686","annual",-0.0343562558968505,0.742556821926578
"45686","autumn",-0.0238463660339678,0.912814027184075
"45686","spring",0.0717343811128091,0.443421402864083
"45686","summer",-0.0546331323457878,0.912814027184075
"45686","winter",0.062843407490134,0.381074481609294
"45692","annual",-0.0186118625182818,1
"45692","autumn",0.0267049394203331,1
"45692","spring",0.0530445305682571,0.533416513472694
"45692","summer",0.333664074989139,0.0867681727038757
"45692","winter",0.0166743028359857,1
"45811","annual",0.0084929776815887,0.9453298708327
"45811","autumn",-0.10056509312807,0.243722284772174
"45811","spring",0.0316001165942529,0.73170172322421
"45811","summer",0.0156925950108943,0.631221820478253
"45811","winter",-0.0753834992602394,0.372691490471518
"45812","annual",0.141919517158887,0.0127313642699235
"45812","autumn",0.279157898374811,0.161124949289052
"45812","spring",0.0895796031356557,0.755496874928883
"45812","summer",0.0708876087820662,0.640428787412791
"45812","winter",0.0171198608598192,0.755496874928883
"45813","annual",0.0887688513247324,0.0768508722678888
"45813","autumn",0.0980352620893497,0.427710510297464
"45813","spring",0.0516532850237141,0.502158251500749
"45813","summer",0.220545124302544,0.0239875344644269
"45813","winter",0.0696101567727184,0.299665448434302
"45819","annual",-0.0124572403857145,0.752641982768185
"45819","autumn",-0.0396394524793657,0.444043639662887
"45819","spring",-0.00541351285230153,0.964089361267912
"45819","summer",-0.0285908116313686,0.752641982768185
"45819","winter",-0.0301099810546215,0.444043639662887
"45924","annual",0.121984241375815,0.0617066900283127
"45924","autumn",0.052563527350998,0.755496874928883
"45924","spring",0.0637712887695505,0.876269663627762
"45924","summer",-0.0292981566240336,1
"45924","winter",0.112533499802929,0.436274928840529
"46043","annual",0.038240519519653,0.474274350767329
"46043","autumn",-0.0991270316923647,0.474274350767329
"46043","spring",0.240794711553674,0.0490979816092656
"46043","summer",0.53337600920265,0.0318231273864902
"46043","winter",-0.0211047890425404,1
"46140","annual",0.0920116597993434,0.107404636330254
"46140","autumn",0.176060505166794,0.210497700055337
"46140","spring",0.0809300828217356,0.720514787136255
"46140","summer",-0.111387493595767,0.474274350767329
"46140","winter",-0.102325190318214,0.474274350767329
"46160","annual",0.0225050146232611,0.773080066312313
"46160","autumn",0.0835456779186411,0.303096532467549
"46160","spring",0.023757614195346,0.59230128143299
"46160","summer",-0.0157534360826875,0.967142330906372
"46160","winter",0.0195836779471438,0.901649504895373
"46212","annual",0.00698837520232413,0.871131491597158
"46212","autumn",0.00158131902779417,0.974117747355371
"46212","spring",-0.0231590281220444,0.673188747815444
"46212","summer",0.021663489917974,0.871131491597158
"46212","winter",0.00273549402441617,0.974117747355371
"46265","annual",-0.0342535109301471,0.779566064581155
"46265","autumn",-0.0166660704918762,0.944216627991912
"46265","spring",-0.0483224648725535,0.401102572891941
"46265","summer",0.0796103195467837,0.441488211013973
"46265","winter",-0.017878377219068,0.674611943553671
"46564","annual",0.0659814639516068,0.050090305683375
"46564","autumn",0.0905992393665194,0.161686216592041
"46564","spring",0.030985737497714,0.484107537792662
"46564","summer",0.102449736810478,0.161686216592041
"46564","winter",0.0596407610266535,0.0173587879352195
"46723","annual",0.00580343974554694,0.871131491597158
"46723","autumn",0.0376976930646408,0.22996907772364
"46723","spring",0.0114237731124262,0.770287726473667
"46723","summer",-0.0200377789825137,0.770287726473667
"46723","winter",-0.0227343419392251,0.314524869050972
"46724","annual",-0.0212725757623194,0.267327019788506
"46724","autumn",0.0391033790783256,0.341717880045567
"46724","spring",-0.0875673997683416,0.0813178739034836
"46724","summer",-0.0526336748651683,0.492289529817811
"46724","winter",-0.00608859579592444,0.957874598777906
"46725","annual",0.000160173190495063,1
"46725","autumn",0.0076613059912416,0.865649099705735
"46725","spring",0.00256917862332244,0.955026455293992
"46725","summer",-0.00476435763984699,1
"46725","winter",0.0104343141069653,0.821525423189477
"46954","annual",-0.026508590392815,0.363315909666391
"46954","autumn",-0.0633274361457499,0.197801027037801
"46954","spring",0.0398613568539252,0.495366298803089
"46954","summer",-0.0753926654289049,0.197801027037801
"46954","winter",0.0196763018490615,0.649445669217466
"46959","annual",-0.0617563231673855,0.125311111389424
"46959","autumn",-0.00472834602008332,1
"46959","spring",-0.0828084764956185,0.511220344688192
"46959","summer",0.0959377328458114,0.443421402864083
"46959","winter",-0.0475430659518259,0.661415917007863
"46964","annual",-0.0633650281491485,0.45067028531418
"46964","autumn",-0.148276561000725,0.303673214899419
"46964","spring",0.10890279666918,0.303673214899419
"46964","summer",-0.0984571513072213,0.631221820478253
"46964","winter",0.0618288746156203,0.114756734318649
"46992","annual",-0.0123198183906023,1
"46992","autumn",0.0937527188183537,0.533416513472694
"46992","spring",-0.0320692103955608,0.755496874928883
"46992","summer",-0.0645335228453507,0.640428787412791
"46992","winter",0.164973378525809,0.350201389179296
"47067","annual",0.0145533646935121,0.752641982768185
"47067","autumn",-0.0328662194998972,0.558350909375985
"47067","spring",-0.00138432703764154,1
"47067","summer",0.0319187580565231,0.685328555783378
"47067","winter",-0.0189154425692523,0.752641982768185
"47193","annual",0.0178272132517397,0.224411483786572
"47193","autumn",0.0203388271358528,0.526178096719771
"47193","spring",-0.0269778622814597,0.290777169282727
"47193","summer",-0.0141339665388418,0.791699347271874
"47193","winter",0.0444003888648709,0.0506570300941188
"47198","annual",0.0149012090903048,0.535024450618287
"47198","autumn",0.00996546146526813,0.735080492681957
"47198","spring",0.0146044521688837,0.651869280718426
"47198","summer",-0.0453304451712832,0.310046020853823
"47198","winter",0.01703247695595,0.651869280718426
"47228","annual",0.0363537187242515,0.0500486633214097
"47228","autumn",0.0242368097509115,0.568337761553861
"47228","spring",0.019102905126844,0.568337761553861
"47228","summer",0.0665245764344303,0.0445205240876462
"47228","winter",0.0364466301893148,0.0500486633214097
"47491","annual",0.000450280519984858,1
"47491","autumn",0.0456466313256239,0.484107537792662
"47491","spring",-0.0252666438522002,0.575636913604803
"47491","summer",0.0499320060283554,0.26291056711835
"47491","winter",-0.00199455264444085,1
"47579","annual",0.03313690906,0.238924218578746
"47579","autumn",-0.0229470813787382,0.607708140108105
"47579","spring",0.0813107640849929,0.174190482700077
"47579","summer",-0.0293630852611982,0.566142727568169
"47579","winter",0.0750579817153357,0.017053286657374
"47860","annual",-0.0406677647601275,0.142568659013575
"47860","autumn",-0.0397514375400451,0.397587391829972
"47860","spring",-0.140836806285441,0.0369200731625019
"47860","summer",-0.0743722348229691,0.259354892820018
"47860","winter",-0.021030291497764,0.821525423189477
"47892","annual",0.00106279561655801,0.927817769226368
"47892","autumn",-0.0284163031709498,0.450295153307041
"47892","spring",-0.0495554105794444,0.263872009473237
"47892","summer",0.021592828002964,0.739763807728124
"47892","winter",0.0564002006986376,0.487350390335321
"48177","annual",0.064063634339474,0.0571180853056804
"48177","autumn",0.0286119777828426,0.450295153307041
"48177","spring",0.0725528312518451,0.238924218578746
"48177","summer",0.000450129218364835,1
"48177","winter",0.131303422274712,0.0235268491105104
"48213","annual",0.0485624041133697,0.0644110132528098
"48213","autumn",0.0599514605820537,0.22996907772364
"48213","spring",-0.0395948398945432,0.314524869050972
"48213","summer",0.0473654319374875,0.455535411940753
"48213","winter",0.120952139285462,8.64569041331048e-05
"48217","annual",-0.0317154135926213,0.820216749509663
"48217","autumn",0.035088710626848,0.595912394811716
"48217","spring",-0.101154399746996,0.111640311945597
"48217","summer",-0.0283591203885077,0.704853461217842
"48217","winter",0.0276689765753247,0.448718015619145
"48447","annual",-0.0453514893758014,0.234239263033982
"48447","autumn",-0.0134704166980904,0.779566064581155
"48447","spring",-0.145405672819348,0.0209409336737407
"48447","summer",-0.0483812090337419,0.327285580221955
"48447","winter",0.103635951438317,0.0802428781903364
"48451","annual",0.0184699739616508,0.158570249496755
"48451","autumn",0.0360544462241047,0.214713301425192
"48451","spring",-0.0349705159465933,0.236289164502374
"48451","summer",0.0716704043991,0.0804170004514182
"48451","winter",0.0393605671984428,0.0627352288500378
"48455","annual",-0.0500438420996927,0.100518173207465
"48455","autumn",-0.0668415231032273,0.324423690521579
"48455","spring",-0.145122838384193,0.0798019286423907
"48455","summer",-0.131101148680639,0.154629751965815
"48455","winter",0.159865374856916,0.154629751965815
"48456","annual",-0.0179802293880274,0.674611943553671
"48456","autumn",0.000147101069469135,1
"48456","spring",-0.12709237878924,0.0209409336737407
"48456","summer",-0.0620582780447334,0.0930921439937051
"48456","winter",0.115933945384725,0.0300746806661031
"48597","annual",0.00232413397269555,1
"48597","autumn",0.019569148749464,0.854777098065548
"48597","spring",-0.103989826052949,0.582950557761892
"48597","summer",0.191619099376263,0.0995087321591697
"48597","winter",0.0136286994443842,0.854777098065548
"48657","annual",0.0853332427960991,0.212911902811505
"48657","autumn",0.0381872935776015,0.876269663627762
"48657","spring",0.0191428252027061,0.876269663627762
"48657","summer",0.0792228884440664,0.436274928840529
"48657","winter",0.180085570543177,0.119470986771701
"48660","annual",0.0079072061513088,0.912814027184075
"48660","autumn",0.0354247709775392,0.661415917007863
"48660","spring",-0.017473083266641,0.661415917007863
"48660","summer",0.0488797359330714,0.661415917007863
"48660","winter",0.140938839769148,0.100518173207465
"48700","annual",-0.0912179069973945,0.631221820478253
"48700","autumn",-0.0509610197507699,0.73170172322421
"48700","spring",-0.252377445179075,0.0864711277740726
"48700","summer",0.0194198832856981,0.73170172322421
"48700","winter",0.181592653495027,0.192616274329602
"49169","annual",-0.00550726344725794,1
"49169","autumn",-0.14920716627037,0.275757847827509
"49169","spring",0.0531698467296222,0.436274928840529
"49169","summer",-0.041863191685767,0.640428787412791
"49169","winter",-0.0730232628843408,0.533416513472694
"49186","annual",-0.00724851243795772,0.73170172322421
"49186","autumn",-0.0907365381234158,0.73170172322421
"49186","spring",0.0312313968005018,0.9453298708327
"49186","summer",0.117435396137475,0.149860747513049
"49186","winter",-0.132007085364453,0.372691490471518
"49200","annual",0.002277153492944,0.755496874928883
"49200","autumn",-0.0608648927802034,0.436274928840529
"49200","spring",0.0645173595750046,0.755496874928883
"49200","summer",-0.0681359514783371,0.755496874928883
"49200","winter",-0.0765050811399934,0.533416513472694
"49337","annual",0.0337126141701137,0.582950557761892
"49337","autumn",-0.00203817216857993,1
"49337","spring",-0.0503200436534789,0.854777098065548
"49337","summer",0.0977507837370445,0.246387360029247
"49337","winter",-0.0279883938418315,0.502158251500749
"50151","annual",0.0188685545352943,0.49566272449003
"50151","autumn",0.0595761257967308,0.111886674896788
"50151","spring",-0.0157236286553856,0.871131491597158
"50151","summer",0.0823403793474977,0.1272886922566
"50151","winter",-0.00407672211252177,0.626496274346911
"50314","annual",-0.0838153769166799,0.212911902811505
"50314","autumn",0.00828147688974314,1
"50314","spring",-0.055835853933156,0.755496874928883
"50314","summer",0.0514100733808564,0.755496874928883
"50314","winter",-0.174378914899128,0.0617066900283127
"50320","annual",-0.0460617531042455,0.582950557761892
"50320","autumn",0.0609196418607995,0.299665448434302
"50320","spring",-0.0843533928495659,0.299665448434302
"50320","summer",0.232387725097326,0.0327356095883208
"50320","winter",-0.0796113957161722,0.299665448434302
"50377","annual",-0.0911218196547843,0.283130870662347
"50377","autumn",-0.0526961385125579,0.858027656987521
"50377","spring",-0.18735043333688,0.283130870662347
"50377","summer",9.34421035920785e-05,1
"50377","winter",-0.0925339775316942,0.371093369522698
"50413","annual",-0.0519096765222749,0.858027656987521
"50413","autumn",0.00644745310615491,0.858027656987521
"50413","spring",-0.140544682881366,0.371093369522698
"50413","summer",-0.0595394922718917,0.720514787136255
"50413","winter",-0.0870680430727333,0.210497700055337
"5042","annual",-0.059458324107583,0.502158251500749
"5042","autumn",-0.0756596471677196,0.427710510297464
"5042","spring",-0.0567061302862102,0.299665448434302
"5042","summer",0.209526638984054,0.160555891435809
"5042","winter",0.0579280624769477,0.669334014464053
"50629","annual",-0.0396706209740412,0.488422316622593
"50629","autumn",-0.0930614912351361,0.428480419497997
"50629","spring",0.127575367443166,0.234954783703343
"50629","summer",0.0877965223914591,0.322299595871919
"50629","winter",-0.024539901914506,0.620690717075355
"50639","annual",0.0155562369420963,0.876269663627762
"50639","autumn",0.0372913320527011,0.755496874928883
"50639","spring",0.0442998900563001,1
"50639","summer",0.21170977438053,0.275757847827509
"50639","winter",-0.0774829890889683,0.640428787412791
"507","annual",0.104568061277738,0.474274350767329
"507","autumn",0.152573502399578,0.474274350767329
"507","spring",0.0389579876005775,0.858027656987521
"507","summer",-0.0749643359888346,0.283130870662347
"507","winter",0.0106824154508735,1
"50782","annual",0.186696849650435,0.436274928840529
"50782","autumn",0.133470817179662,0.533416513472694
"50782","spring",-0.0239567021799132,1
"50782","summer",0.415411506788911,0.0292725091863045
"50782","winter",-0.000974988614366446,1
"511","annual",0.113690748705287,0.114756734318649
"511","autumn",0.160419146665321,0.192616274329602
"511","spring",0.0839992080920221,0.837011475105446
"511","summer",-0.00585959735724175,0.837011475105446
"511","winter",0.115652577924955,0.73170172322421
"51647","annual",0.115963477270608,0.591505036994917
"51647","autumn",0.113957715683131,0.474274350767329
"51647","spring",-0.107830642059045,0.720514787136255
"51647","summer",0.0279570154648312,0.720514787136255
"51647","winter",0.236451205622828,0.283130870662347
"51784","annual",0.144201906514614,0.0318231273864902
"51784","autumn",-0.0710371808824486,0.152406283956749
"51784","spring",0.284560750005793,0.0318231273864902
"51784","summer",-0.143177701804423,0.371093369522698
"51784","winter",0.0922150751721336,0.371093369522698
"51822","annual",0.137045744828357,0.371093369522698
"51822","autumn",0.22086739856948,0.371093369522698
"51822","spring",0.346506980042951,0.283130870662347
"51822","summer",0.195853236633509,0.210497700055337
"51822","winter",-0.107596869661039,0.591505036994917
"51826","annual",0.22820625538231,0.283130870662347
"51826","autumn",0.0415537463300796,0.858027656987521
"51826","spring",0.511754561221582,0.152406283956749
"51826","summer",0.161766734692617,0.474274350767329
"51826","winter",-0.000904581089489653,1
"51874","annual",0.155164697072228,0.371093369522698
"51874","autumn",-0.135565793287561,0.591505036994917
"51874","spring",0.162912672566639,0.591505036994917
"51874","summer",0.133887652352503,0.720514787136255
"51874","winter",0.0906563434132014,0.283130870662347
"51876","annual",-0.0536523335754324,0.436274928840529
"51876","autumn",0.0650167624135207,0.436274928840529
"51876","spring",-0.134492382370872,0.436274928840529
"51876","summer",-0.0437729639925124,0.876269663627762
"51876","winter",0.0352511222667267,1
"51940","annual",0.072020490933383,0.436274928840529
"51940","autumn",-0.0120471770260742,1
"51940","spring",0.220429215661058,0.161124949289052
"51940","summer",0.191118632615617,0.350201389179296
"51940","winter",0.046887680666662,0.436274928840529
"51954","annual",-0.0586146657635875,0.436274928840529
"51954","autumn",-0.099994742750741,0.436274928840529
"51954","spring",-0.139884244478775,0.533416513472694
"51954","summer",-0.2091353405286,0.0867681727038757
"51954","winter",-0.0575211054186757,0.640428787412791
"51972","annual",0.129456324851782,0.243722284772174
"51972","autumn",-0.14280717182644,0.303673214899419
"51972","spring",0.0622177788064411,0.73170172322421
"51972","summer",0.146487437106744,0.537133857176902
"51972","winter",-0.019421263797526,0.837011475105446
"51985","annual",0.0571557075260743,0.360121647755378
"51985","autumn",-0.0500951268653177,0.582950557761892
"51985","spring",0.0351212198246895,0.502158251500749
"51985","summer",0.0674036003411591,0.427710510297464
"51985","winter",0.0294914775838757,0.299665448434302
"52143","annual",0.0142124688902542,0.854777098065548
"52143","autumn",0.0714044425048127,0.854777098065548
"52143","spring",0.0270005092659692,0.582950557761892
"52143","summer",0.0556881330658209,0.582950557761892
"52143","winter",-0.010875431280312,0.951352130954404
"52205","annual",-0.112711555377995,0.474274350767329
"52205","autumn",-0.213864641303543,0.720514787136255
"52205","spring",0.0284691037748299,1
"52205","summer",0.0272294467834998,0.720514787136255
"52205","winter",-0.0690649829599259,0.858027656987521
"52221","annual",0.0338077284608106,0.661415917007863
"52221","autumn",-0.00146251632965272,1
"52221","spring",0.104059235932524,0.661415917007863
"52221","summer",0.0938532748703498,0.154629751965815
"52221","winter",-0.0621119260773649,0.742556821926578
"52235","annual",-0.0177380062248357,0.876269663627762
"52235","autumn",-0.0537051876498609,0.755496874928883
"52235","spring",-0.0010218454554332,1
"52235","summer",0.43637148442203,0.0617066900283127
"52235","winter",-0.0838890110134565,0.533416513472694
"52240","annual",-0.0283086142409857,0.640428787412791
"52240","autumn",-0.161660017519767,0.436274928840529
"52240","spring",0.0717006095317581,0.755496874928883
"52240","summer",-0.0483353920225502,0.876269663627762
"52240","winter",0.0228704588177628,0.876269663627762
"52241","annual",0.0281047501163828,0.474274350767329
"52241","autumn",-0.125340994622458,0.720514787136255
"52241","spring",0.245936482236344,0.591505036994917
"52241","summer",0.0183318259251003,1
"52241","winter",-0.0840133169296409,0.858027656987521
"52243","annual",-0.0120278944452531,0.9453298708327
"52243","autumn",-0.0518911946861201,0.837011475105446
"52243","spring",-0.0227860449102663,0.9453298708327
"52243","summer",0.0904033574873136,0.631221820478253
"52243","winter",0.050980468426218,0.631221820478253
"52274","annual",0.0368121976235793,0.502158251500749
"52274","autumn",-0.015012116658338,0.951352130954404
"52274","spring",0.0238554635354593,0.854777098065548
"52274","summer",0.28705515841508,0.0585875753104889
"52274","winter",0.103871535788665,0.669334014464053
"52292","annual",0.058485415269546,0.631221820478253
"52292","autumn",0.0679279358980219,0.837011475105446
"52292","spring",0.00954158144523488,1
"52292","summer",0.22336986185462,0.192616274329602
"52292","winter",0.0106775251950291,1
"52358","annual",-0.0196795094573992,0.843085229269984
"52358","autumn",-0.0276684353846504,0.766525299523572
"52358","spring",-0.0296570914823933,0.766525299523572
"52358","summer",0.0464923988077373,0.620690717075355
"52358","winter",0.0115970636083672,0.921158650225025
"52389","annual",-0.171935071701877,0.212911902811505
"52389","autumn",-0.174268925492799,0.161124949289052
"52389","spring",0.033095958415986,1
"52389","summer",-0.0918865392819278,0.436274928840529
"52389","winter",-0.0969567588907756,0.350201389179296
"52393","annual",0.0225502020698407,1
"52393","autumn",0.0514486194387178,0.640428787412791
"52393","spring",-0.0915099232816958,0.876269663627762
"52393","summer",0.213426191276545,0.350201389179296
"52393","winter",-0.107187615559515,0.350201389179296
"52475","annual",-0.145495986955088,0.755496874928883
"52475","autumn",-0.288414838590119,0.212911902811505
"52475","spring",-0.0614983223347196,0.876269663627762
"52475","summer",0.197913631613941,0.350201389179296
"52475","winter",-0.0552634038404024,0.755496874928883
"52532","annual",-0.0978245867022395,0.0791092150986985
"52532","autumn",-0.235476610754906,0.0170237960322115
"52532","spring",-0.0620685743734182,0.685328555783378
"52532","summer",-0.0118646883625283,0.892558465851561
"52532","winter",-0.112118295390146,0.0649033586094432
"52566","annual",0.00568931413893777,0.951352130954404
"52566","autumn",0.00430572393681486,0.951352130954404
"52566","spring",-0.0977271806705952,0.299665448434302
"52566","summer",0.139149791372921,0.0995087321591697
"52566","winter",-0.0698892195469294,0.360121647755378
"52576","annual",-0.0190159538809244,0.427710510297464
"52576","autumn",-0.159901475822848,0.0585875753104889
"52576","spring",0.0368212890287333,0.854777098065548
"52576","summer",-0.00930787640625974,0.951352130954404
"52576","winter",-0.0698102646109898,0.427710510297464
"52577","annual",0.0104189866378028,0.843085229269984
"52577","autumn",-0.13594958006434,0.16585666034291
"52577","spring",0.0937740698796503,0.373053116251453
"52577","summer",0.0970376549494383,0.488422316622593
"52577","winter",-0.034333518335407,0.373053116251453
"52585","annual",0.0583462998428601,0.436274928840529
"52585","autumn",-0.153990114883109,0.436274928840529
"52585","spring",0.248899621402388,0.0195174811821778
"52585","summer",0.169453789455605,0.350201389179296
"52585","winter",0.016482738843428,1
"52592","annual",-0.0606069355173656,0.584070366945506
"52592","autumn",-0.0300851521860581,0.584070366945506
"52592","spring",0.000276630981491621,1
"52592","summer",0.00115515257398761,1
"52592","winter",-0.0689416526772128,0.742556821926578
"52613","annual",-0.0652308637436028,0.591505036994917
"52613","autumn",-0.187515805284654,0.152406283956749
"52613","spring",0.262555019343846,0.107404636330254
"52613","summer",0.0656399685566586,0.720514787136255
"52613","winter",-0.02859441339727,1
"52617","annual",0.0859987654449778,0.243722284772174
"52617","autumn",-0.125724301519903,0.372691490471518
"52617","spring",0.376037371157747,0.00493150036630639
"52617","summer",0.0585751496278731,0.837011475105446
"52617","winter",-0.0266280044090474,0.73170172322421
"5264","annual",-0.0223004032795836,0.710835924814926
"5264","autumn",0.0166559191880744,0.836819705051275
"5264","spring",-0.100477303474549,0.14937517875499
"5264","summer",0.0294018837484879,0.536648236300515
"5264","winter",-0.0126353351712682,0.901649504895373
"52652","annual",-0.0306994574548352,0.685328555783378
"52652","autumn",0.0139528227054811,0.892558465851561
"52652","spring",-0.0197531961543504,0.821891691251159
"52652","summer",0.142296347156502,0.260350569655991
"52652","winter",-0.10790036874414,0.0791092150986985
"52666","annual",-0.0179647119615362,0.760332307521876
"52666","autumn",-0.198645838307079,0.127203687631099
"52666","spring",0.127260377062463,0.427710510297464
"52666","summer",0.151417505633578,0.0585875753104889
"52666","winter",-0.195015442687246,0.160555891435809
"52684","annual",0.0223800924535104,1
"52684","autumn",-0.228386501033398,0.0617066900283127
"52684","spring",0.209560332177914,0.212911902811505
"52684","summer",0.0874087258297891,0.876269663627762
"52684","winter",-0.159228560121041,0.161124949289052
"52722","annual",0.0780870496168706,0.234954783703343
"52722","autumn",0.0287217187211475,0.692180772721877
"52722","spring",0.0554303114259711,0.428480419497997
"52722","summer",0.106114898775458,0.137645845518265
"52722","winter",0.0334097617189883,0.692180772721877
"52740","annual",-0.0106929769028925,0.876269663627762
"52740","autumn",-0.0924123025978141,0.755496874928883
"52740","spring",-0.00462110136877995,1
"52740","summer",0.294032505940986,0.212911902811505
"52740","winter",-0.237104465050437,0.0867681727038757
"52851","annual",-0.0528564899258883,0.661415917007863
"52851","autumn",-0.0089650757671027,0.912814027184075
"52851","spring",0.00800741252733683,1
"52851","summer",0.0811262802119234,0.826665969670155
"52851","winter",0.0461003976033544,0.324423690521579
"52875","annual",-0.0240379684701738,0.821891691251159
"52875","autumn",-0.00400908396439675,1
"52875","spring",0.0538787663863166,0.620425293710382
"52875","summer",0.0811476616578216,0.444043639662887
"52875","winter",-0.110743802503573,0.300427116749241
"52878","annual",-0.00695446577570545,0.901649504895373
"52878","autumn",-0.0109795168360677,0.901649504895373
"52878","spring",0.0502724517575932,0.650463122950713
"52878","summer",0.0530898070166142,0.901649504895373
"52878","winter",-0.0743980564739613,0.076513654241399
"52884","annual",0.0365046817469589,0.363020384944015
"52884","autumn",0.0692359987889439,0.234239263033982
"52884","spring",0.00230077778040242,0.88870559083523
"52884","summer",0.0892325363501514,0.123715178751739
"52884","winter",-0.0261155308834761,0.363020384944015
"52887","annual",0.0579146560875889,0.436274928840529
"52887","autumn",-0.00658244973381361,0.876269663627762
"52887","spring",0.186587988152377,0.161124949289052
"52887","summer",0.0705304917978939,0.755496874928883
"52887","winter",-0.0550465308671492,0.876269663627762
"52896","annual",0.0905140728225697,0.246387360029247
"52896","autumn",0.051109417674961,0.360121647755378
"52896","spring",0.166718908770797,0.299665448434302
"52896","summer",0.111348897374863,0.760332307521876
"52896","winter",0.0311177985367738,0.854777098065548
"52902","annual",0.0148493883924707,0.843085229269984
"52902","autumn",-0.0280441484576917,0.766525299523572
"52902","spring",0.115715302297279,0.488422316622593
"52902","summer",0.0870613744960758,0.488422316622593
"52902","winter",-0.0449848238899132,0.692180772721877
"52906","annual",-0.0124047480833946,0.710835924814926
"52906","autumn",-0.0220444098954494,0.836819705051275
"52906","spring",-0.0434092637420006,0.710835924814926
"52906","summer",0.102903398602851,0.26605176012296
"52906","winter",-0.0464491823738628,0.201612323534696
"52914","annual",0.0562216258418351,0.343419487182742
"52914","autumn",-0.0140243281315882,0.836819705051275
"52914","spring",0.0115943741848786,0.901649504895373
"52914","summer",0.154763973207074,0.26605176012296
"52914","winter",0.0211243289061798,0.836819705051275
"52924","annual",0.00190633482028139,1
"52924","autumn",-0.108093827917666,0.113287208222353
"52924","spring",0.0921790170647158,0.16585666034291
"52924","summer",0.149498152523185,0.16585666034291
"52924","winter",-0.105366090519372,0.137645845518265
"52927","annual",-0.026583560570176,0.854777098065548
"52927","autumn",-0.153814657510206,0.0768508722678888
"52927","spring",0.0722752728587948,0.427710510297464
"52927","summer",0.218613817216051,0.127203687631099
"52927","winter",-0.235034080711125,0.044083783741321
"52940","annual",-0.0339505081140602,0.322299595871919
"52940","autumn",-0.114434665781848,0.113287208222353
"52940","spring",-0.0347534495134833,0.921158650225025
"52940","summer",0.112684441895404,0.234954783703343
"52940","winter",-0.0685368741402981,0.373053116251453
"52954","annual",-0.0293694791724148,0.558350909375985
"52954","autumn",0.0141823174979016,0.892558465851561
"52954","spring",-0.0495839622068216,0.620425293710382
"52954","summer",-0.0487456627981488,0.620425293710382
"52954","winter",0.00685747660553105,0.964089361267912
"52960","annual",-0.0079830885685872,0.9453298708327
"52960","autumn",-0.076447594991309,0.372691490471518
"52960","spring",0.0314942186866742,0.9453298708327
"52960","summer",0.0211015672188979,1
"52960","winter",-0.0161206959152025,0.837011475105446
"53020","annual",-0.018212453845121,0.649445669217466
"53020","autumn",-0.0133398830822787,0.879572789007499
"53020","spring",-0.0721463668138366,0.495366298803089
"53020","summer",0.00572454808917744,0.879572789007499
"53020","winter",0.014762682360874,0.820216749509663
"53022","annual",0.0031462403956084,1
"53022","autumn",-0.0592228093765283,0.234954783703343
"53022","spring",0.0295218394855169,0.766525299523572
"53022","summer",0.0961713766249809,0.322299595871919
"53022","winter",0.0299686607062934,0.692180772721877
"53025","annual",0.0603868270619455,0.0582402695915613
"53025","autumn",0.0669716922756173,0.495366298803089
"53025","spring",0.0558235750226448,0.197801027037801
"53025","summer",-0.00630344391266746,0.820216749509663
"53025","winter",0.022408086895102,0.595912394811716
"53033","annual",0.00329392887715474,0.951352130954404
"53033","autumn",-0.0568076068498375,0.582950557761892
"53033","spring",0.0992192858762079,0.427710510297464
"53033","summer",0.0205466553409416,0.854777098065548
"53033","winter",0.0359755409303767,0.760332307521876
"53034","annual",0.0784233851213184,0.276278415808018
"53034","autumn",0.0374294419901182,0.766525299523572
"53034","spring",0.0942144651892958,0.234954783703343
"53034","summer",0.0461445873805999,0.620690717075355
"53034","winter",0.0703711977998897,0.488422316622593
"53048","annual",0.032724576926275,0.183698986057793
"53048","autumn",-0.0248909808018087,0.624276846120749
"53048","spring",0.0451577615317639,0.674611943553671
"53048","summer",0.0329232231388003,0.575636913604803
"53048","winter",0.0419068760997673,0.72644698403686
"53062","annual",0.0316780729996209,0.238924218578746
"53062","autumn",-0.00662795135732441,0.975910003234818
"53062","spring",0.0457426303671997,0.263872009473237
"53062","summer",0.0475443001600015,0.381187304987758
"53062","winter",0.0192747858988929,0.566142727568169
"53101","annual",-0.00693844362027641,0.901649504895373
"53101","autumn",0.0264790831260378,0.901649504895373
"53101","spring",-0.0106050607569848,0.836819705051275
"53101","summer",0.0127592281392178,0.901649504895373
"53101","winter",-0.015180264732926,0.967142330906372
"53109","annual",0.00431148004259922,0.892558465851561
"53109","autumn",0.037116448673097,0.558350909375985
"53109","spring",-0.0172796063639944,0.964089361267912
"53109","summer",0.0943182819969687,0.444043639662887
"53109","winter",-0.0108679559311139,0.964089361267912
"53114","annual",0.0474627080222297,0.0234762206100809
"53114","autumn",0.0214361140097707,0.343419487182742
"53114","spring",0.0379563581188458,0.483755786496452
"53114","summer",0.0413956175617577,0.232248741984054
"53114","winter",0.0243410570899099,0.483755786496452
"53117","annual",0.0607861602722134,0.0649033586094432
"53117","autumn",0.0542444612489769,0.260350569655991
"53117","spring",0.0734297737779978,0.444043639662887
"53117","summer",0.0528179479733747,0.444043639662887
"53117","winter",0.0328717808108407,0.260350569655991
"53145","annual",-0.0948505870164613,0.533416513472694
"53145","autumn",0.112929912739474,0.755496874928883
"53145","spring",-0.411726864061567,0.0867681727038757
"53145","summer",0.0814883025480668,0.876269663627762
"53145","winter",-0.024510401791319,0.640428787412791
"53338","annual",0.0398321849636982,0.246387360029247
"53338","autumn",-0.0340935016835875,0.854777098065548
"53338","spring",0.103523172826964,0.360121647755378
"53338","summer",0.107292943642809,0.299665448434302
"53338","winter",-0.0753796589287196,0.502158251500749
"53353","annual",0.050486369342065,0.322299595871919
"53353","autumn",0.0569000559502996,0.428480419497997
"53353","spring",0.0687855983820202,0.373053116251453
"53353","summer",0.0117230452992272,0.428480419497997
"53353","winter",-0.0154210314158608,0.843085229269984
"53392","annual",0.0484509439824431,0.444043639662887
"53392","autumn",0.0518871449668729,0.620425293710382
"53392","spring",-0.0111343996074334,0.821891691251159
"53392","summer",0.0353787810688625,0.821891691251159
"53392","winter",0.0122846220150007,0.892558465851561
"53532","annual",0.00358518607399994,0.721176307474874
"53532","autumn",0.0158132770473071,0.455535411940753
"53532","spring",0.01146347571923,0.820338216433617
"53532","summer",0.00718584128516889,0.820338216433617
"53532","winter",-0.00830728912385331,0.871131491597158
"53545","annual",-0.0408201266722486,0.327285580221955
"53545","autumn",-0.00842800096592663,0.833735241249933
"53545","spring",-0.00545595633510731,0.88870559083523
"53545","summer",-0.0167609653606768,0.72644698403686
"53545","winter",-0.0482220885373383,0.293917170251957
"53549","annual",0.0100790140596307,0.820338216433617
"53549","autumn",0.0527842061635732,0.284321714008018
"53549","spring",-0.0971505419441089,0.162984413296641
"53549","summer",0.0456294324191164,0.381032385484343
"53549","winter",0.0279441062204487,0.49566272449003
"53707","annual",-0.0282628310350618,0.401102572891941
"53707","autumn",-0.0386046335358682,0.624276846120749
"53707","spring",0.0149830445637305,0.72644698403686
"53707","summer",0.00499464810767268,0.944216627991912
"53707","winter",-0.0357186910025637,0.327285580221955
"53851","annual",0.000994428442930584,1
"53851","autumn",-0.00947490502630662,0.742556821926578
"53851","spring",0.0649448147354974,0.511220344688192
"53851","summer",0.0743046410906622,0.273561411724749
"53851","winter",-0.0547915706606638,0.154629751965815
"53872","annual",0.0342822393664641,0.837011475105446
"53872","autumn",0.0738892861614409,0.73170172322421
"53872","spring",0.0220465646967721,0.9453298708327
"53872","summer",0.113782625673994,0.45067028531418
"53872","winter",-0.109282663666532,0.372691490471518
"53877","annual",0.0223456239849294,0.742556821926578
"53877","autumn",0.0146860782960256,0.912814027184075
"53877","spring",0.066863026741402,0.661415917007863
"53877","summer",0.0428696373271554,0.661415917007863
"53877","winter",0.00269169246363745,1
"53963","annual",0.185929651792465,0.00342839625284245
"53963","autumn",0.137875269775934,0.010279478485213
"53963","spring",0.18493427654884,0.137347096984784
"53963","summer",0.289647023219783,0.0791092150986985
"53963","winter",0.105556600444271,0.00139058242765382
"54039","annual",-0.0104918546423187,0.626496274346911
"54039","autumn",-0.0323013424629585,0.256144966603527
"54039","spring",-0.0536494600938641,0.581254760411818
"54039","summer",0.0710815919628747,0.22996907772364
"54039","winter",-0.0799199840299959,0.144292055440105
"54060","annual",0.0237783020675675,0.843085229269984
"54060","autumn",-0.0343812599339077,0.692180772721877
"54060","spring",0.0399420992358288,0.620690717075355
"54060","summer",0.119363775985036,0.488422316622593
"54060","winter",0.00804572476956666,1
"54132","annual",0.0456679580247314,0.26605176012296
"54132","autumn",0.113529501762746,0.14937517875499
"54132","spring",0.0453234273040246,0.343419487182742
"54132","summer",0.086211760185224,0.387013990315225
"54132","winter",-0.0278227209236522,0.59230128143299
"54141","annual",0.0896503475359276,0.372691490471518
"54141","autumn",-0.0308590521813274,0.73170172322421
"54141","spring",0.23026977591859,0.149860747513049
"54141","summer",0.09919105227763,0.372691490471518
"54141","winter",0.0346993040405977,0.837011475105446
"54144","annual",0.0200851590087108,0.558350909375985
"54144","autumn",0.0452541749017355,0.499461203104015
"54144","spring",0.0265516125124097,0.892558465851561
"54144","summer",0.0292959794292811,0.558350909375985
"54144","winter",-0.0407900939695143,0.685328555783378
"54177","annual",-0.0104625278676208,0.833735241249933
"54177","autumn",-0.0193392858325485,0.779566064581155
"54177","spring",-0.0613243587686686,0.484107537792662
"54177","summer",0.0651210270426033,0.107542828899301
"54177","winter",-0.0345503512810387,0.363020384944015
"54190","annual",-0.0168054908889164,0.349219342794742
"54190","autumn",0.0331744927497956,0.290560755378769
"54190","spring",0.0280056543989859,0.566142727568169
"54190","summer",-0.0135499899506868,0.785797106178966
"54190","winter",-0.0471690920776366,0.0748114813174168
"54356","annual",0.0248150340879809,0.215688695591323
"54356","autumn",-0.0143981495892915,0.694644497461478
"54356","spring",0.0713345663551805,0.0320343717059257
"54356","summer",0.0177564595296896,0.694644497461478
"54356","winter",0.0192948433331952,0.349219342794742
"54413","annual",0.0158006291255623,0.760332307521876
"54413","autumn",-0.0284613833424357,0.854777098065548
"54413","spring",-0.0476290143868139,0.582950557761892
"54413","summer",-0.0188197031517839,0.951352130954404
"54413","winter",0.0470024150521278,0.582950557761892
"54435","annual",0.015942865280665,0.174033580208164
"54435","autumn",0.0283247826630875,0.59230128143299
"54435","spring",0.0469343469104607,0.59230128143299
"54435","summer",0.110707319618925,0.127476932741378
"54435","winter",0.00797576720901784,0.901649504895373
"54443","annual",0.0540106037278193,0.299665448434302
"54443","autumn",0.165559079118688,0.0768508722678888
"54443","spring",-0.0385541347513286,0.854777098065548
"54443","summer",-0.0649081345313571,0.502158251500749
"54443","winter",0.124750858637524,0.246387360029247
"54561","annual",-0.012141460718464,0.649445669217466
"54561","autumn",0.00192190601873321,1
"54561","spring",-0.0122402060413975,0.820216749509663
"54561","summer",-0.0108082832606534,0.939613698235622
"54561","winter",-0.0327191536557198,0.197801027037801
"54672","annual",0.0262024965321149,0.24521106099768
"54672","autumn",0.00933559604592626,0.672610987228665
"54672","spring",0.0138085015930759,0.672610987228665
"54672","summer",0.0187827641480417,0.597354194826704
"54672","winter",0.0164248097471868,0.791699347271874
"54730","annual",0.0283141288702531,0.755496874928883
"54730","autumn",0.0234707789284384,0.755496874928883
"54730","spring",0.132735686638552,0.436274928840529
"54730","summer",0.181991380413178,0.212911902811505
"54730","winter",-0.047291851535558,0.755496874928883
"54731","annual",0.179274775788294,0.00748788681514909
"54731","autumn",0.0862161253312982,0.0641035767124359
"54731","spring",0.296227037475331,0.0236422189091985
"54731","summer",0.169562047772327,0.0467449410537112
"54731","winter",0.0162768626372738,0.73170172322421
"54732","annual",0.222726935933477,0.0736382701203027
"54732","autumn",0.113381772016034,0.283130870662347
"54732","spring",0.346214607024434,0.107404636330254
"54732","summer",0.270712200888211,0.0200446686226275
"54732","winter",-0.0126656669793586,0.858027656987521
"54733","annual",0.0156756787970972,0.858027656987521
"54733","autumn",0.10980055841585,0.107404636330254
"54733","spring",0.124708118226296,0.283130870662347
"54733","summer",0.0327100091428434,0.858027656987521
"54733","winter",-0.0365534376117,0.720514787136255
"54734","annual",0.0275087241546523,0.417304165627405
"54734","autumn",-0.021269170826706,0.581254760411818
"54734","spring",0.0677070520500876,0.183447228172473
"54734","summer",0.090745006610049,0.0349550726436306
"54734","winter",-0.0323704716535029,0.49566272449003
"54735","annual",0.0876503056171898,0.212911902811505
"54735","autumn",-0.160872802579408,0.275757847827509
"54735","spring",0.216383870847697,0.119470986771701
"54735","summer",0.0830958753911459,0.640428787412791
"54735","winter",0.0330815030593566,0.876269663627762
"54736","annual",0.0251196137706109,0.0711267274899405
"54736","autumn",0.0797143028478334,0.0483982231812983
"54736","spring",0.00553806789579515,0.955026455293992
"54736","summer",0.03299853121282,0.429795272339556
"54736","winter",0.0296043080237203,0.236289164502374
"54737","annual",0.0200045954877872,0.366879600646212
"54737","autumn",0.0430958715308668,0.214713301425192
"54737","spring",-0.0373914284403784,0.28393508435663
"54737","summer",0.00989758633081239,0.735080492681957
"54737","winter",0.076108449556407,0.0423310378298655
"54741","annual",-0.250449783416081,0.275757847827509
"54741","autumn",-0.184204001340168,0.533416513472694
"54741","spring",-0.105055526868474,0.640428787412791
"54741","summer",0.0848105815108831,0.755496874928883
"54741","winter",-0.184781386959975,0.212911902811505
"54742","annual",0.036245058279639,0.324423690521579
"54742","autumn",-0.0850445032991569,0.511220344688192
"54742","spring",0.0281588536331649,0.661415917007863
"54742","summer",0.0837906970785904,0.228439808988675
"54742","winter",-0.0374861581740309,0.912814027184075
"56930","annual",-0.0397042624246206,0.443421402864083
"56930","autumn",0.0257978784833064,0.584070366945506
"56930","spring",-0.12545859654111,0.381074481609294
"56930","summer",-0.181083377810167,0.228439808988675
"56930","winter",0.0229820966534984,0.443421402864083
"56931","annual",0.108263956256067,0.371093369522698
"56931","autumn",0.0511991475758672,0.591505036994917
"56931","spring",-0.176446580332257,0.474274350767329
"56931","summer",-0.0286546044750663,0.858027656987521
"56931","winter",-0.00921102092021838,0.858027656987521
"7408","annual",0.027804222021754,0.204904423719751
"7408","autumn",-0.0122232376458707,0.791699347271874
"7408","spring",0.0306778589921236,0.341717880045567
"7408","summer",0.0222693197977181,0.874092180163309
"7408","winter",0.0352792598268718,0.0644965282504243
"7409","annual",0.0638697140735941,0.00635508707752533
"7409","autumn",0.0924996400217448,0.141725953806468
"7409","spring",0.129929895964723,0.00262316984309615
"7409","summer",-0.00960201179761633,0.88870559083523
"7409","winter",0.106343264418972,0.0802428781903364
"7506","annual",-0.066799296132548,0.858027656987521
"7506","autumn",0.102528494549611,0.371093369522698
"7506","spring",-0.0650016487526444,0.283130870662347
"7506","summer",0.507695097173578,0.283130870662347
"7506","winter",-0.0240701387747109,0.858027656987521
"7640","annual",-0.257428837073414,0.107404636330254
"7640","autumn",-0.622735408974545,0.152406283956749
"7640","spring",-0.22544856334149,0.152406283956749
"7640","summer",0.0935126517442336,0.591505036994917
"7640","winter",-0.220622258873172,0.283130870662347
"7660","annual",0.0585620233367147,0.837011475105446
"7660","autumn",-0.0620584393359284,0.537133857176902
"7660","spring",0.00122454712481459,1
"7660","summer",0.31634465847099,0.0163933168888091
"7660","winter",-0.110905776391244,0.303673214899419
"7688","annual",-0.025831608495462,0.544486056825911
"7688","autumn",0.0496806360941172,0.761873394777985
"7688","spring",-0.0813332027753992,0.17269436302932
"7688","summer",0.0473122265903179,0.649445669217466
"7688","winter",-0.0786614406605086,0.288882804027164
"7689","annual",-0.0356804574357612,0.552615125062848
"7689","autumn",0.0488941951991222,0.488422316622593
"7689","spring",-0.15263386093239,0.137645845518265
"7689","summer",-0.0268217514853756,1
"7689","winter",-0.0130410869621284,0.766525299523572
"7777","annual",0.0198325006167497,0.837011475105446
"7777","autumn",0.0486086930250658,0.837011475105446
"7777","spring",-0.0640304432535486,0.73170172322421
"7777","summer",0.212531554378894,0.0236422189091985
"7777","winter",-0.0797461611596463,0.631221820478253
"7901","annual",-0.000183401709351827,1
"7901","autumn",0.0629301951803489,0.52886452036419
"7901","spring",-0.0298280986722768,0.833735241249933
"7901","summer",0.0826350860101667,0.234239263033982
"7901","winter",-0.0702107166865615,0.293917170251957
"8890","annual",-0.119307826284927,0.197801027037801
"8890","autumn",-0.10261429007762,0.17269436302932
"8890","spring",-0.168367284629757,0.17269436302932
"8890","summer",0.0171958720964907,0.879572789007499
"8890","winter",-0.0665362160669778,0.495366298803089
