"district","LID","sen_slope","sen_signif","n_lakes"
"Auckland (Auckland)","45811",0.374921502702487,0.0763327403763572,18
"Auckland (Auckland)","45812",0.548670601135491,0.00914914757959376,18
"Auckland (Auckland)","45813",0.247234871478638,0.251452186508022,18
"Auckland (Auckland)","45814",0.246398461618941,0.348082623632924,18
"Auckland (Auckland)","45818",0.211166427926685,0.028567681801513,18
"Auckland (Auckland)","45819",0.174161398477237,0.251452186508022,18
"Auckland (Auckland)","45905",0.559282307646033,0.028567681801513,18
"Auckland (Auckland)","45935",0.255574281079578,0.251452186508022,18
"Auckland (Auckland)","45947",0.123835013739783,0.602167527748196,18
"Auckland (Auckland)","49291",0.121323534219527,0.754454177494089,18
"Auckland (Auckland)","49294",0.441391137121345,0.0164886567276701,18
"Auckland (Auckland)","49295",0.500796219363227,0.251452186508022,18
"Auckland (Auckland)","49309",0.477772436366557,0.117850895021365,18
"Auckland (Auckland)","49337",0.44105931141934,0.0164886567276701,18
"Auckland (Auckland)","51224",0.333959058373191,0.251452186508022,18
"Auckland (Auckland)","51242",0.195221946482887,0.754454177494089,18
"Auckland (Auckland)","51368",0.145218997626881,0.602167527748196,18
"Auckland (Auckland)","51371",0.523533008771386,0.0763327403763572,18
"Blenheim (Marlborough)","25432",0.462232768268711,0.175308080808274,7
"Blenheim (Marlborough)","25994",0.323205632338263,0.754454177494089,7
"Blenheim (Marlborough)","25998",0.376764454565275,0.602167527748196,7
"Blenheim (Marlborough)","27286",0.374377586053605,0.251452186508022,7
"Blenheim (Marlborough)","27572",-0.467956532142261,0.251452186508022,7
"Blenheim (Marlborough)","28066",0.288447231046248,0.348082623632924,7
"Blenheim (Marlborough)","28197",-0.0296986518196745,0.916965236628864,7
"Christchurch (Canterbury)","25972",0.826899271652894,0.175308080808274,12
"Christchurch (Canterbury)","39122",-0.542142622157384,0.251452186508022,12
"Christchurch (Canterbury)","41365",-0.321963678087005,0.175308080808274,12
"Christchurch (Canterbury)","47579",0.190814291248483,0.602167527748196,12
"Christchurch (Canterbury)","48177",0.386211472428216,0.0763327403763572,12
"Christchurch (Canterbury)","48447",-0.151918214725417,0.348082623632924,12
"Christchurch (Canterbury)","48597",-0.346609603489187,0.251452186508022,12
"Christchurch (Canterbury)","48657",-0.166592351361782,0.754454177494089,12
"Christchurch (Canterbury)","48660",0.212004547519657,0.348082623632924,12
"Christchurch (Canterbury)","48669",-0.3059564238878,0.251452186508022,12
"Christchurch (Canterbury)","48679",-0.325664317544063,0.175308080808274,12
"Christchurch (Canterbury)","48700",0.390853324143271,0.465512169874187,12
"Dannevirke (Manawatu-Whanganui)","32805",0.477302787433931,0.0490979816092656,5
"Dannevirke (Manawatu-Whanganui)","33309",0.767325773524621,0.00729035809153564,5
"Dannevirke (Manawatu-Whanganui)","4925",0.592892003739151,0.0763327403763572,5
"Dannevirke (Manawatu-Whanganui)","4926",0.161779822307114,0.602167527748196,5
"Dannevirke (Manawatu-Whanganui)","5955",-0.00920269638256261,1,5
"Dunedin (Otago)","1553",-0.318824634568263,0.602167527748196,12
"Dunedin (Otago)","44391",0.177965827546028,0.602167527748196,12
"Dunedin (Otago)","44570",-0.0739297118092402,0.916965236628864,12
"Dunedin (Otago)","44574",-0.120589814560261,0.602167527748196,12
"Dunedin (Otago)","44599",0.306321594963676,0.117850895021365,12
"Dunedin (Otago)","44677",-0.491362830316064,0.251452186508022,12
"Dunedin (Otago)","44694",0.253307508734175,0.465512169874187,12
"Dunedin (Otago)","44746",0.0941320268666523,0.916965236628864,12
"Dunedin (Otago)","44747",-0.0549867746746386,0.465512169874187,12
"Dunedin (Otago)","45151",0.236502487125522,0.465512169874187,12
"Dunedin (Otago)","45153",0.217013641039358,0.348082623632924,12
"Dunedin (Otago)","45155",0.284096670267919,0.602167527748196,12
"Gisborne (Gisborne)","34663",0.545334927176006,0.175308080808274,17
"Gisborne (Gisborne)","34665",0.426210887985469,0.465512169874187,17
"Gisborne (Gisborne)","37607",0.562136970436898,0.0476039547278715,17
"Gisborne (Gisborne)","40050",0.225086320485432,0.028567681801513,17
"Gisborne (Gisborne)","40311",0.765661583241232,0.00914914757959376,17
"Gisborne (Gisborne)","40312",1.16326630232826,0.028567681801513,17
"Gisborne (Gisborne)","40321",0.76910694264042,0.012266061386213,17
"Gisborne (Gisborne)","40323",0.58180319936382,0.0318231273864902,17
"Gisborne (Gisborne)","40325",0.508639661693342,0.175308080808274,17
"Gisborne (Gisborne)","40326",0.396658888794274,0.107404636330254,17
"Gisborne (Gisborne)","40327",0.403600905437701,0.0200446686226275,17
"Gisborne (Gisborne)","40392",0.599916399247785,0.0736382701203027,17
"Gisborne (Gisborne)","40393",0.419810886609509,0.283130870662347,17
"Gisborne (Gisborne)","40396",-0.0876303165519609,0.602167527748196,17
"Gisborne (Gisborne)","40403",0.162349342614324,0.465512169874187,17
"Gisborne (Gisborne)","40521",0.421825971051513,0.348082623632924,17
"Gisborne (Gisborne)","40534",0.24240917469601,0.465512169874187,17
"Gore (Southland)","36046",0.286718778313037,0.602167527748196,3
"Gore (Southland)","44210",-0.234283630296968,0.348082623632924,3
"Gore (Southland)","50690",0.0512666836124088,0.916965236628864,3
"Hamilton (Waikato)","12591",0.302367284633276,0.028567681801513,47
"Hamilton (Waikato)","12830",0.469714797510221,0.251452186508022,47
"Hamilton (Waikato)","12831",0.218234873099215,0.348082623632924,47
"Hamilton (Waikato)","12872",0.16698356672573,0.175308080808274,47
"Hamilton (Waikato)","12873",0.377399100738881,0.117850895021365,47
"Hamilton (Waikato)","12876",0.547846520490362,0.028567681801513,47
"Hamilton (Waikato)","13736",0.464928436371061,0.251452186508022,47
"Hamilton (Waikato)","14405",0.302404282251592,0.0763327403763572,47
"Hamilton (Waikato)","14406",0.136388247063737,0.602167527748196,47
"Hamilton (Waikato)","14407",0.261376248381956,0.602167527748196,47
"Hamilton (Waikato)","14408",0.295642035630027,0.251452186508022,47
"Hamilton (Waikato)","14418",0.0417724436992772,1,47
"Hamilton (Waikato)","14422",0.334829713178462,0.0763327403763572,47
"Hamilton (Waikato)","14424",0.32260221794679,0.175308080808274,47
"Hamilton (Waikato)","14425",0.468294778188822,0.0763327403763572,47
"Hamilton (Waikato)","14426",0.114278421314356,0.465512169874187,47
"Hamilton (Waikato)","14428",0.284969011946228,0.175308080808274,47
"Hamilton (Waikato)","14541",0.0391269991221612,0.916965236628864,47
"Hamilton (Waikato)","14546",0.447493821471156,0.348082623632924,47
"Hamilton (Waikato)","14680",0.542546688269427,0.251452186508022,47
"Hamilton (Waikato)","14720",-0.328759980652706,0.602167527748196,47
"Hamilton (Waikato)","14888",-0.247586430535903,0.602167527748196,47
"Hamilton (Waikato)","15005",0.488676381922622,0.117850895021365,47
"Hamilton (Waikato)","15007",0.403898278354338,0.348082623632924,47
"Hamilton (Waikato)","15008",0.123827523447105,0.916965236628864,47
"Hamilton (Waikato)","15013",0.109601621222013,0.602167527748196,47
"Hamilton (Waikato)","15020",0.128884044003343,0.754454177494089,47
"Hamilton (Waikato)","15022",0.186138827442994,0.916965236628864,47
"Hamilton (Waikato)","15032",-0.0980887599060694,0.602167527748196,47
"Hamilton (Waikato)","15033",-0.171034644176595,0.348082623632924,47
"Hamilton (Waikato)","15034",-0.0838553371038751,0.602167527748196,47
"Hamilton (Waikato)","15035",-0.0164491422026306,0.916965236628864,47
"Hamilton (Waikato)","15036",-0.054508045159639,0.754454177494089,47
"Hamilton (Waikato)","15037",0.102607622504555,0.754454177494089,47
"Hamilton (Waikato)","15038",-0.0995231455409644,0.916965236628864,47
"Hamilton (Waikato)","15039",0.185579412458564,0.754454177494089,47
"Hamilton (Waikato)","41314",-0.0878981799933563,0.602167527748196,47
"Hamilton (Waikato)","49090",0.416012269072297,0.0763327403763572,47
"Hamilton (Waikato)","49091",0.426139019384467,0.175308080808274,47
"Hamilton (Waikato)","49176",-0.299971119791095,0.175308080808274,47
"Hamilton (Waikato)","49180",-0.0688035197134968,0.916965236628864,47
"Hamilton (Waikato)","49186",-0.0146440610725556,0.916965236628864,47
"Hamilton (Waikato)","49187",-0.19699754899153,0.117850895021365,47
"Hamilton (Waikato)","49200",0.0108963597823305,1,47
"Hamilton (Waikato)","49239",0.439625533993826,0.465512169874187,47
"Hamilton (Waikato)","50470",-0.0987807225651873,0.916965236628864,47
"Hamilton (Waikato)","50782",0.326795311554592,0.251452186508022,47
"Hokitika (West Coast)","38170",0.387073422056103,0.175308080808274,39
"Hokitika (West Coast)","38421",0.249175567722672,0.754454177494089,39
"Hokitika (West Coast)","38434",0.594666613637667,0.028567681801513,39
"Hokitika (West Coast)","38488",-0.182134061484875,0.754454177494089,39
"Hokitika (West Coast)","38502",0.159493305624827,0.251452186508022,39
"Hokitika (West Coast)","38521",0.14100291947989,0.602167527748196,39
"Hokitika (West Coast)","38614",0.161849048035798,0.602167527748196,39
"Hokitika (West Coast)","38638",0.255226002870639,0.465512169874187,39
"Hokitika (West Coast)","38661",0.122368735489099,0.754454177494089,39
"Hokitika (West Coast)","38664",0.129974999454839,0.175308080808274,39
"Hokitika (West Coast)","38665",0.416869885333909,0.0763327403763572,39
"Hokitika (West Coast)","38942",0.50020608694225,0.348082623632924,39
"Hokitika (West Coast)","38955",0.405355813024034,0.348082623632924,39
"Hokitika (West Coast)","38967",0.320404691191105,0.602167527748196,39
"Hokitika (West Coast)","38969",0.565177388002963,0.028567681801513,39
"Hokitika (West Coast)","38974",0.234381580277412,0.465512169874187,39
"Hokitika (West Coast)","39012",0.316776381306662,0.386476230771233,39
"Hokitika (West Coast)","39050",-0.0893707267868149,1,39
"Hokitika (West Coast)","39056",0.336406467144114,0.465512169874187,39
"Hokitika (West Coast)","39109",0.150233593465067,0.754454177494089,39
"Hokitika (West Coast)","46964",0.171522523973662,0.602167527748196,39
"Hokitika (West Coast)","47090",-0.268457634588626,0.465512169874187,39
"Hokitika (West Coast)","47092",0.207188434452299,0.916965236628864,39
"Hokitika (West Coast)","47094",0.311794882971904,0.175308080808274,39
"Hokitika (West Coast)","47095",0.414290435268215,0.175308080808274,39
"Hokitika (West Coast)","47491",0.485529426552267,0.465512169874187,39
"Hokitika (West Coast)","48213",-0.150633828233863,0.117850895021365,39
"Hokitika (West Coast)","48216",-0.396795427621864,0.602167527748196,39
"Hokitika (West Coast)","48217",-0.401863353705554,0.251452186508022,39
"Hokitika (West Coast)","48395",0.284232198270889,0.602167527748196,39
"Hokitika (West Coast)","48406",-0.000584900557180301,1,39
"Hokitika (West Coast)","48451",-0.0139051805194625,0.916965236628864,39
"Hokitika (West Coast)","48455",-0.153811538275231,0.602167527748196,39
"Hokitika (West Coast)","48456",0.343805491784833,0.465512169874187,39
"Hokitika (West Coast)","48468",-0.252137915421046,0.602167527748196,39
"Hokitika (West Coast)","48470",-0.275307100599142,0.465512169874187,39
"Hokitika (West Coast)","48541",0.163461535306149,0.251452186508022,39
"Hokitika (West Coast)","48663",-0.188055185437448,0.602167527748196,39
"Hokitika (West Coast)","48673",-0.230316236359816,0.754454177494089,39
"Invercargill (Southland)","26031",-0.00581624158182334,1,35
"Invercargill (Southland)","26036",-0.00476227217406469,1,35
"Invercargill (Southland)","26051",-0.362830161254164,0.175308080808274,35
"Invercargill (Southland)","26111",0.32736841098032,0.348082623632924,35
"Invercargill (Southland)","28385",-0.591260044271128,0.175308080808274,35
"Invercargill (Southland)","28394",-0.19885228557204,0.465512169874187,35
"Invercargill (Southland)","28532",0.102439079889428,0.602167527748196,35
"Invercargill (Southland)","28543",-0.17289583154727,0.348082623632924,35
"Invercargill (Southland)","28624",0.299405395875595,0.0476039547278715,35
"Invercargill (Southland)","28835",-0.472368594386821,0.117850895021365,35
"Invercargill (Southland)","28867",-0.218469816644466,0.251452186508022,35
"Invercargill (Southland)","28879",-0.0312471998898573,1,35
"Invercargill (Southland)","29031",0.0181046216138612,0.916965236628864,35
"Invercargill (Southland)","29073",-0.0161471718464027,1,35
"Invercargill (Southland)","29104",-0.19852714303577,0.602167527748196,35
"Invercargill (Southland)","29244",-0.00358285296949346,1,35
"Invercargill (Southland)","29250",-0.0220644020981578,0.916965236628864,35
"Invercargill (Southland)","29254",-0.026075438431274,0.916965236628864,35
"Invercargill (Southland)","29541",0.0956225812283808,0.602167527748196,35
"Invercargill (Southland)","29547",-0.132692038374478,0.754454177494089,35
"Invercargill (Southland)","29568",0.0431746115052874,0.754454177494089,35
"Invercargill (Southland)","29579",0.143015533742669,0.754454177494089,35
"Invercargill (Southland)","29596",-0.224862426010938,0.754454177494089,35
"Invercargill (Southland)","29598",-0.323669805719489,0.754454177494089,35
"Invercargill (Southland)","29614",-0.0128320811729262,0.916965236628864,35
"Invercargill (Southland)","29917",0.386141994669035,0.348082623632924,35
"Invercargill (Southland)","29956",0.0025327583574873,1,35
"Invercargill (Southland)","30380",0.192477622273932,0.175308080808274,35
"Invercargill (Southland)","30810",0.183384465931202,0.754454177494089,35
"Invercargill (Southland)","30812",-0.201576677225615,0.348082623632924,35
"Invercargill (Southland)","43639",0.220975695025551,0.348082623632924,35
"Invercargill (Southland)","43649",-0.0659643311984048,0.602167527748196,35
"Invercargill (Southland)","43655",-0.198191893985199,0.710523022916489,35
"Invercargill (Southland)","43661",0.247677145802164,0.754454177494089,35
"Invercargill (Southland)","54742",-0.0655826576724405,0.916965236628864,35
"Kerikeri (Northland)","13467",0.329966246164132,0.602167527748196,18
"Kerikeri (Northland)","23657",0.0914018988869292,0.754454177494089,18
"Kerikeri (Northland)","23691",0.104349651833466,0.754454177494089,18
"Kerikeri (Northland)","23721",0.177346443925153,0.348082623632924,18
"Kerikeri (Northland)","24001",0.112713551138296,1,18
"Kerikeri (Northland)","24039",0.378117038397728,0.348082623632924,18
"Kerikeri (Northland)","24271",0.540513130248634,0.602167527748196,18
"Kerikeri (Northland)","24304",0.148552377089989,0.916965236628864,18
"Kerikeri (Northland)","24415",0.32788102427098,0.348082623632924,18
"Kerikeri (Northland)","24422",0.28219729188424,0.175308080808274,18
"Kerikeri (Northland)","24496",0.141780085567017,1,18
"Kerikeri (Northland)","24596",0.582394252851,0.0476039547278715,18
"Kerikeri (Northland)","24619",0.92882335472617,0.117850895021365,18
"Kerikeri (Northland)","24620",0.539068811740444,0.0763327403763572,18
"Kerikeri (Northland)","24621",0.531523330689114,0.0763327403763572,18
"Kerikeri (Northland)","24628",0.426850846253446,0.0763327403763572,18
"Kerikeri (Northland)","24633",0.515469393494791,0.0763327403763572,18
"Kerikeri (Northland)","50403",0.108865191798471,0.916965236628864,18
"Lake Tekapo (Canterbury)","41293",-0.287265969160415,0.348082623632924,42
"Lake Tekapo (Canterbury)","41299",0.0341173164849313,0.916965236628864,42
"Lake Tekapo (Canterbury)","41305",-0.160301866212211,0.465512169874187,42
"Lake Tekapo (Canterbury)","41306",-0.0666956183199745,0.465512169874187,42
"Lake Tekapo (Canterbury)","41354",-0.109157061722286,0.916965236628864,42
"Lake Tekapo (Canterbury)","41772",-0.118654159047743,0.175308080808274,42
"Lake Tekapo (Canterbury)","45686",0.103544422658209,0.916965236628864,42
"Lake Tekapo (Canterbury)","45692",0.275524155454918,0.465512169874187,42
"Lake Tekapo (Canterbury)","45693",0.176882958132093,0.916965236628864,42
"Lake Tekapo (Canterbury)","45718",-0.451066339870506,0.175308080808274,42
"Lake Tekapo (Canterbury)","45724",-0.170219251219238,0.602167527748196,42
"Lake Tekapo (Canterbury)","46407",-0.162652781040018,0.754454177494089,42
"Lake Tekapo (Canterbury)","46594",-0.308157122694336,0.465512169874187,42
"Lake Tekapo (Canterbury)","46700",-0.847504701872221,0.117850895021365,42
"Lake Tekapo (Canterbury)","46723",0.00150707136243129,1,42
"Lake Tekapo (Canterbury)","46724",-0.147992095862965,0.602167527748196,42
"Lake Tekapo (Canterbury)","46725",0.0344717120640978,0.754454177494089,42
"Lake Tekapo (Canterbury)","46835",-0.0634638519661813,0.602167527748196,42
"Lake Tekapo (Canterbury)","46918",-0.42896354267794,0.173546221787853,42
"Lake Tekapo (Canterbury)","46920",0.0127999719400013,0.916965236628864,42
"Lake Tekapo (Canterbury)","46922",0.337147062213577,0.465512169874187,42
"Lake Tekapo (Canterbury)","46954",0.324387000334808,0.602167527748196,42
"Lake Tekapo (Canterbury)","46956",0.182183183973435,0.602167527748196,42
"Lake Tekapo (Canterbury)","46957",0.470703133481755,0.348082623632924,42
"Lake Tekapo (Canterbury)","47143",-0.0214743281318764,0.916965236628864,42
"Lake Tekapo (Canterbury)","47193",-0.000515056964083251,1,42
"Lake Tekapo (Canterbury)","47198",0.238150288707666,0.602167527748196,42
"Lake Tekapo (Canterbury)","47199",0.119073961919489,0.754454177494089,42
"Lake Tekapo (Canterbury)","47206",-0.253356789986835,0.348082623632924,42
"Lake Tekapo (Canterbury)","47207",-0.0148124496168655,1,42
"Lake Tekapo (Canterbury)","47210",-0.840710705429996,0.0763327403763572,42
"Lake Tekapo (Canterbury)","47225",-0.412865717014701,0.0476039547278715,42
"Lake Tekapo (Canterbury)","47227",-0.0749041537503093,0.602167527748196,42
"Lake Tekapo (Canterbury)","47228",0.168945900664108,0.754454177494089,42
"Lake Tekapo (Canterbury)","47252",-0.458779540897238,0.465512169874187,42
"Lake Tekapo (Canterbury)","47254",-0.315071585714193,0.465512169874187,42
"Lake Tekapo (Canterbury)","47414",0.2878387977853,0.175308080808274,42
"Lake Tekapo (Canterbury)","47833",-0.613574558627297,0.117850895021365,42
"Lake Tekapo (Canterbury)","47859",-0.0122635862432472,0.916965236628864,42
"Lake Tekapo (Canterbury)","47860",-0.131021930790034,0.465512169874187,42
"Lake Tekapo (Canterbury)","47877",-0.188303992483547,0.754454177494089,42
"Lake Tekapo (Canterbury)","47892",0.0403781113272716,0.916965236628864,42
"Masterton (Wellington)","1974",0.096705593064736,0.916965236628864,10
"Masterton (Wellington)","2549",0.496868917483633,0.348082623632924,10
"Masterton (Wellington)","381",-0.365091176655,0.602167527748196,10
"Masterton (Wellington)","4343",0.0393469205932514,0.754454177494089,10
"Masterton (Wellington)","4345",0.204547348067817,0.251452186508022,10
"Masterton (Wellington)","476",-0.15386184851033,0.710523022916489,10
"Masterton (Wellington)","831",0.384184406018404,0.117850895021365,10
"Masterton (Wellington)","841",0.347038106850002,0.0164886567276701,10
"Masterton (Wellington)","843",0.396901732671049,0.0476039547278715,10
"Masterton (Wellington)","847",0.289615203316944,0.0763327403763572,10
"Milford Sound (Southland)","29490",-0.124161821219638,0.916965236628864,95
"Milford Sound (Southland)","29748",-0.264067908675719,0.348082623632924,95
"Milford Sound (Southland)","29847",-0.390176905830332,0.348082623632924,95
"Milford Sound (Southland)","45296",-0.161861243748602,0.251452186508022,95
"Milford Sound (Southland)","45301",-0.312229142406177,0.602167527748196,95
"Milford Sound (Southland)","45302",0.196019179121154,0.602167527748196,95
"Milford Sound (Southland)","45334",-0.597157033082111,0.251452186508022,95
"Milford Sound (Southland)","45338",-0.519310903366125,0.348082623632924,95
"Milford Sound (Southland)","45356",-0.271958160760037,0.465512169874187,95
"Milford Sound (Southland)","45924",0.178369425546203,0.754454177494089,95
"Milford Sound (Southland)","46043",-0.494901569479371,0.0476039547278715,95
"Milford Sound (Southland)","46047",-0.0150650674613068,1,95
"Milford Sound (Southland)","46090",-0.857430545491506,0.348082623632924,95
"Milford Sound (Southland)","46131",0.0830884858205846,0.916965236628864,95
"Milford Sound (Southland)","46132",-0.0444119315208565,0.916965236628864,95
"Milford Sound (Southland)","46140",-0.365390988643353,0.602167527748196,95
"Milford Sound (Southland)","46141",-0.245765784612166,0.0763327403763572,95
"Milford Sound (Southland)","46160",-0.4330493170217,0.348082623632924,95
"Milford Sound (Southland)","47067",-0.199864636423832,0.602167527748196,95
"Milford Sound (Southland)","50629",-0.318068435815806,0.251452186508022,95
"Milford Sound (Southland)","51747",0.0341964178237712,0.754454177494089,95
"Milford Sound (Southland)","51751",0.0877293839496207,0.916965236628864,95
"Milford Sound (Southland)","51754",0.169870700181165,0.602167527748196,95
"Milford Sound (Southland)","51822",-0.408413498118752,0.175308080808274,95
"Milford Sound (Southland)","51823",0.130238075445538,0.754454177494089,95
"Milford Sound (Southland)","51826",0.206920333913942,0.602167527748196,95
"Milford Sound (Southland)","51837",0.491844984555039,0.465512169874187,95
"Milford Sound (Southland)","51838",0.269282124698287,0.602167527748196,95
"Milford Sound (Southland)","51850",0.316039979230233,0.348082623632924,95
"Milford Sound (Southland)","51859",0.00309731783082771,1,95
"Milford Sound (Southland)","51940",0.0263487616874398,0.916965236628864,95
"Milford Sound (Southland)","51958",0.274390431474956,0.602167527748196,95
"Milford Sound (Southland)","51985",0.161581348786739,0.348082623632924,95
"Milford Sound (Southland)","52065",-0.123954999921658,0.602167527748196,95
"Milford Sound (Southland)","52138",-0.862644255940955,0.0164886567276701,95
"Milford Sound (Southland)","52144",-0.483606664033817,0.602167527748196,95
"Milford Sound (Southland)","52147",-0.0417041926354944,1,95
"Milford Sound (Southland)","52148",-0.120334450584781,0.916965236628864,95
"Milford Sound (Southland)","52167",0.0662713707007049,0.916965236628864,95
"Milford Sound (Southland)","52177",-0.401763560701069,0.175308080808274,95
"Milford Sound (Southland)","52181",0.113615533023421,0.602167527748196,95
"Milford Sound (Southland)","52190",-0.1407695730189,0.916965236628864,95
"Milford Sound (Southland)","52221",0.309386366341106,0.251452186508022,95
"Milford Sound (Southland)","52235",0.243799229015004,0.465512169874187,95
"Milford Sound (Southland)","52240",0.102292319669906,0.465512169874187,95
"Milford Sound (Southland)","52243",0.099506398350859,0.348082623632924,95
"Milford Sound (Southland)","52268",-0.216578186342474,0.465512169874187,95
"Milford Sound (Southland)","52274",0.190751297932323,0.754454177494089,95
"Milford Sound (Southland)","52292",-0.255201630056584,0.348082623632924,95
"Milford Sound (Southland)","52380",-0.442787295097163,0.117850895021365,95
"Milford Sound (Southland)","52389",-0.356762680696678,0.117850895021365,95
"Milford Sound (Southland)","52393",-0.322693517753711,0.175308080808274,95
"Milford Sound (Southland)","52397",0.0581793866362451,0.916965236628864,95
"Milford Sound (Southland)","52474",-0.415913477129525,0.251452186508022,95
"Milford Sound (Southland)","52475",-0.0806700569611764,0.916965236628864,95
"Milford Sound (Southland)","52566",0.0216985036953315,0.602167527748196,95
"Milford Sound (Southland)","52576",-0.696103779369489,0.0763327403763572,95
"Milford Sound (Southland)","52585",0.0617451686893494,0.916965236628864,95
"Milford Sound (Southland)","52592",0.0488868556621369,0.754454177494089,95
"Milford Sound (Southland)","52613",-0.174949306119315,0.602167527748196,95
"Milford Sound (Southland)","52617",0.126743189220305,0.602167527748196,95
"Milford Sound (Southland)","52641",-0.184128174808244,0.465512169874187,95
"Milford Sound (Southland)","52660",-0.376258744362623,0.175308080808274,95
"Milford Sound (Southland)","52666",0.2927519349479,0.348082623632924,95
"Milford Sound (Southland)","52697",-0.0951062814865858,0.916965236628864,95
"Milford Sound (Southland)","52722",-0.0126672522247797,1,95
"Milford Sound (Southland)","52731",-0.170509515919161,0.348082623632924,95
"Milford Sound (Southland)","52740",-0.0803808426508218,0.754454177494089,95
"Milford Sound (Southland)","52751",0.346688698739767,0.348082623632924,95
"Milford Sound (Southland)","52875",0.29351853394495,0.465512169874187,95
"Milford Sound (Southland)","52878",-0.55209393839829,0.0763327403763572,95
"Milford Sound (Southland)","52884",0.300331402889187,0.348082623632924,95
"Milford Sound (Southland)","52906",-0.24766594419194,0.117850895021365,95
"Milford Sound (Southland)","52927",-0.230769927509717,0.754454177494089,95
"Milford Sound (Southland)","52938",-1.24885223352241,0.0763327403763572,95
"Milford Sound (Southland)","52954",-0.134846161458617,0.536186771900174,95
"Milford Sound (Southland)","52960",0.232436828772175,0.175308080808274,95
"Milford Sound (Southland)","52992",-0.0584714469219619,0.916965236628864,95
"Milford Sound (Southland)","53025",0.0383494040887415,0.916965236628864,95
"Milford Sound (Southland)","53033",-0.240933161710675,0.465512169874187,95
"Milford Sound (Southland)","53048",-0.214732290746463,0.465512169874187,95
"Milford Sound (Southland)","53062",0.0853766902193301,0.916965236628864,95
"Milford Sound (Southland)","53109",0.0757631537632309,0.602167527748196,95
"Milford Sound (Southland)","53177",-0.110346256482319,0.465512169874187,95
"Milford Sound (Southland)","53851",0.0826558522141241,0.916965236628864,95
"Milford Sound (Southland)","53872",-0.0042564273759067,1,95
"Milford Sound (Southland)","53877",0.0736863050916384,0.602167527748196,95
"Milford Sound (Southland)","53886",-0.236317187052278,0.602167527748196,95
"Milford Sound (Southland)","54025",0.503138567794302,0.465512169874187,95
"Milford Sound (Southland)","54132",0.0392938468242424,0.754454177494089,95
"Milford Sound (Southland)","54141",-0.231602861345377,0.348082623632924,95
"Milford Sound (Southland)","54356",0.109148193243242,0.754454177494089,95
"Milford Sound (Southland)","54435",0.198424687191389,0.465512169874187,95
"Milford Sound (Southland)","54561",-0.0333371719731808,0.754454177494089,95
"Milford Sound (Southland)","54735",0.0358366652186885,1,95
"Napier (Hawke's Bay)","32427",0.284852129299498,0.175308080808274,16
"Napier (Hawke's Bay)","32478",0.741612645431234,0.0490979816092656,16
"Napier (Hawke's Bay)","35422",0.353031186567818,0.175308080808274,16
"Napier (Hawke's Bay)","35662",0.42213298780743,0.0476039547278715,16
"Napier (Hawke's Bay)","36096",0.304687482670584,0.602167527748196,16
"Napier (Hawke's Bay)","36215",0.275186269093722,0.602167527748196,16
"Napier (Hawke's Bay)","36285",0.0908555739163125,0.602167527748196,16
"Napier (Hawke's Bay)","36314",0.294052363668582,0.251452186508022,16
"Napier (Hawke's Bay)","36315",0.0285640967423639,0.916965236628864,16
"Napier (Hawke's Bay)","36979",0.514697888967501,0.0763327403763572,16
"Napier (Hawke's Bay)","36980",0.233742557476091,0.465512169874187,16
"Napier (Hawke's Bay)","36981",0.266819117203043,0.754454177494089,16
"Napier (Hawke's Bay)","37529",0.2740903118831,0.251452186508022,16
"Napier (Hawke's Bay)","37530",0.232168867219129,0.117850895021365,16
"Napier (Hawke's Bay)","37534",0.700330320073378,0.0164886567276701,16
"Napier (Hawke's Bay)","40307",0.693623337975176,0.117850895021365,16
"Nelson (Nelson)","24754",-0.150530920945277,0.602167527748196,28
"Nelson (Nelson)","24755",0.147587976803671,0.916965236628864,28
"Nelson (Nelson)","24795",-0.14853951964706,0.754454177494089,28
"Nelson (Nelson)","24827",0.429955376390217,0.536186771900174,28
"Nelson (Nelson)","24846",0.291374700387113,0.465512169874187,28
"Nelson (Nelson)","24869",1.3827092139162,0.173546221787853,28
"Nelson (Nelson)","24916",0.449385540185488,0.0763327403763572,28
"Nelson (Nelson)","24927",0.0920672267919107,0.754454177494089,28
"Nelson (Nelson)","24947",0.182100250404506,0.465512169874187,28
"Nelson (Nelson)","24949",0.14084757296322,0.916965236628864,28
"Nelson (Nelson)","24954",0.414740749696216,0.602167527748196,28
"Nelson (Nelson)","24955",0.69565572168142,0.0476039547278715,28
"Nelson (Nelson)","24960",0.429847518181938,0.175308080808274,28
"Nelson (Nelson)","24969",0.139604290240652,0.754454177494089,28
"Nelson (Nelson)","24971",0.22144183042236,0.465512169874187,28
"Nelson (Nelson)","24995",0.283517642618955,0.602167527748196,28
"Nelson (Nelson)","25002",0.0621536701759812,0.916965236628864,28
"Nelson (Nelson)","25008",0.40146630203524,0.348082623632924,28
"Nelson (Nelson)","25016",-0.250008627005694,0.251452186508022,28
"Nelson (Nelson)","25023",0.19082559907996,0.465512169874187,28
"Nelson (Nelson)","25024",0.132089701706909,0.602167527748196,28
"Nelson (Nelson)","25044",0.11217874318135,0.175308080808274,28
"Nelson (Nelson)","25519",-0.0271077629343642,0.916965236628864,28
"Nelson (Nelson)","25765",-0.204741047521782,0.465512169874187,28
"Nelson (Nelson)","25789",-0.0959672522492809,0.602167527748196,28
"Nelson (Nelson)","25790",0.204718906815153,0.465512169874187,28
"Nelson (Nelson)","27762",0.32158252892169,0.348082623632924,28
"Nelson (Nelson)","28162",0.182995539450686,0.251452186508022,28
"New Plymouth (Taranaki)","16325",0.480135600299237,0.251452186508022,5
"New Plymouth (Taranaki)","16392",0.573816567231698,0.00487856447503363,5
"New Plymouth (Taranaki)","20880",0.181428702322735,0.251452186508022,5
"New Plymouth (Taranaki)","20904",0.307696369396894,0.251452186508022,5
"New Plymouth (Taranaki)","7512",0.258700573218303,0.465512169874187,5
"Queenstown (Otago)","50704",0.593289477619703,0.465512169874187,31
"Queenstown (Otago)","52115",-0.308996112845079,0.465512169874187,31
"Queenstown (Otago)","53145",0.00209991992126191,0.916965236628864,31
"Queenstown (Otago)","53202",-0.572796068015632,0.117850895021365,31
"Queenstown (Otago)","53300",0.649301666188555,0.028567681801513,31
"Queenstown (Otago)","53304",0.255553940183635,0.348082623632924,31
"Queenstown (Otago)","53306",-0.272255758586199,0.602167527748196,31
"Queenstown (Otago)","53338",0.062598318053264,0.754454177494089,31
"Queenstown (Otago)","53353",0.125405868247154,0.754454177494089,31
"Queenstown (Otago)","53392",-0.117442923100824,0.602167527748196,31
"Queenstown (Otago)","53532",-0.0546399592345525,0.754454177494089,31
"Queenstown (Otago)","53545",0.179903646788431,0.916965236628864,31
"Queenstown (Otago)","53548",-0.0594806509687598,0.754454177494089,31
"Queenstown (Otago)","53549",-0.0490194268654635,1,31
"Queenstown (Otago)","53707",0.145484404127106,0.754454177494089,31
"Queenstown (Otago)","53730",0.204882442993935,0.465512169874187,31
"Queenstown (Otago)","54035",-0.640812435558637,0.251452186508022,31
"Queenstown (Otago)","54038",-0.591467466885557,0.175308080808274,31
"Queenstown (Otago)","54039",-0.291502407173997,0.710523022916489,31
"Queenstown (Otago)","54190",-0.0614203900583491,0.754454177494089,31
"Queenstown (Otago)","54255",-0.341036544115161,0.0164886567276701,31
"Queenstown (Otago)","54309",-0.468449303821105,0.348082623632924,31
"Queenstown (Otago)","54737",0.23241606484763,0.348082623632924,31
"Queenstown (Otago)","7633",0.293990499646198,0.754454177494089,31
"Queenstown (Otago)","7657",-0.269089749449603,0.465512169874187,31
"Queenstown (Otago)","7660",-0.196701078998278,0.348082623632924,31
"Queenstown (Otago)","7688",0.494587321675091,0.117850895021365,31
"Queenstown (Otago)","7689",0.306378314377914,0.465512169874187,31
"Queenstown (Otago)","7748",0.0925442512743254,0.916965236628864,31
"Queenstown (Otago)","7901",-0.11763146913612,0.754454177494089,31
"Queenstown (Otago)","8138",0.384620626241701,0.386476230771233,31
"Reefton (West Coast)","24734",0.42235666575958,0.251452186508022,37
"Reefton (West Coast)","24742",0.0169252959827912,0.916965236628864,37
"Reefton (West Coast)","24750",0.336666300445652,0.348082623632924,37
"Reefton (West Coast)","24805",0.00383171271298285,1,37
"Reefton (West Coast)","24806",0.130175957107831,0.916965236628864,37
"Reefton (West Coast)","25193",-0.219987569665314,0.251452186508022,37
"Reefton (West Coast)","25212",0.291343189520035,0.251452186508022,37
"Reefton (West Coast)","26277",0.214879477920339,0.465512169874187,37
"Reefton (West Coast)","26348",-0.0579814860191524,0.465512169874187,37
"Reefton (West Coast)","26357",0.423499407456901,0.348082623632924,37
"Reefton (West Coast)","26477",0.296102632002059,0.0763327403763572,37
"Reefton (West Coast)","26478",0.921511680205799,0.107762290391921,37
"Reefton (West Coast)","26484",-0.41809236735433,0.465512169874187,37
"Reefton (West Coast)","26514",0.000105009774459515,1,37
"Reefton (West Coast)","26515",-0.357936337178043,0.175308080808274,37
"Reefton (West Coast)","26887",-0.235924811377219,0.251452186508022,37
"Reefton (West Coast)","26896",0.631954915833589,0.0763327403763572,37
"Reefton (West Coast)","27560",1.2544146636755,0.117850895021365,37
"Reefton (West Coast)","27564",0.040046714170195,1,37
"Reefton (West Coast)","27566",0.292676478240614,0.348082623632924,37
"Reefton (West Coast)","39166",-0.128621629082502,0.175308080808274,37
"Reefton (West Coast)","39225",0.10775131200869,0.465512169874187,37
"Reefton (West Coast)","39226",-0.0618354790484347,0.916965236628864,37
"Reefton (West Coast)","39297",0.515718536688069,0.028567681801513,37
"Reefton (West Coast)","39356",-0.0281074063616407,1,37
"Reefton (West Coast)","39357",0.324027471399829,0.251452186508022,37
"Reefton (West Coast)","39358",-0.360876105813992,0.251452186508022,37
"Reefton (West Coast)","39364",0.762235277354944,0.0763327403763572,37
"Reefton (West Coast)","39367",-0.174658482334758,0.754454177494089,37
"Reefton (West Coast)","39372",-0.180340028053414,0.602167527748196,37
"Reefton (West Coast)","39611",0.193617255512261,0.754454177494089,37
"Reefton (West Coast)","39621",0.352462749705406,0.175308080808274,37
"Reefton (West Coast)","39837",0.437826843994882,0.0763327403763572,37
"Reefton (West Coast)","39950",0.302130566328428,0.465512169874187,37
"Reefton (West Coast)","39958",0.148096313258448,0.465512169874187,37
"Reefton (West Coast)","54738",0.528397866464336,0.028567681801513,37
"Reefton (West Coast)","54741",0.149439096396574,0.465512169874187,37
"Rotorua (Bay of Plenty)","11084",0.110663623365211,0.916965236628864,36
"Rotorua (Bay of Plenty)","11132",0.234482729516733,0.754454177494089,36
"Rotorua (Bay of Plenty)","11133",0.0315160282166179,0.465512169874187,36
"Rotorua (Bay of Plenty)","11138",-0.0423176831815819,0.916965236628864,36
"Rotorua (Bay of Plenty)","13957",0.220189010267926,0.251452186508022,36
"Rotorua (Bay of Plenty)","14071",0.15856594716383,0.754454177494089,36
"Rotorua (Bay of Plenty)","14157",0.598481255500886,0.0476039547278715,36
"Rotorua (Bay of Plenty)","14179",0.109393788236338,0.348082623632924,36
"Rotorua (Bay of Plenty)","14205",0.173708395011842,0.465512169874187,36
"Rotorua (Bay of Plenty)","14208",0.228906939194564,0.465512169874187,36
"Rotorua (Bay of Plenty)","14290",-0.084419920335062,0.916965236628864,36
"Rotorua (Bay of Plenty)","14586",-0.053485060142061,0.916965236628864,36
"Rotorua (Bay of Plenty)","15312",0.215380811008746,0.465512169874187,36
"Rotorua (Bay of Plenty)","15325",0.504893779905132,0.465512169874187,36
"Rotorua (Bay of Plenty)","15621",0.276253039877177,0.348082623632924,36
"Rotorua (Bay of Plenty)","15706",0.23377318436283,0.916965236628864,36
"Rotorua (Bay of Plenty)","38233",0.320121043564249,0.348082623632924,36
"Rotorua (Bay of Plenty)","39876",0.221263989224075,0.348082623632924,36
"Rotorua (Bay of Plenty)","39879",0.481677492579998,0.465512169874187,36
"Rotorua (Bay of Plenty)","39884",-0.0252386504805205,0.916965236628864,36
"Rotorua (Bay of Plenty)","39885",-0.0411370709895991,0.754454177494089,36
"Rotorua (Bay of Plenty)","40071",0.204527209088127,0.754454177494089,36
"Rotorua (Bay of Plenty)","40102",0.281816562879611,0.754454177494089,36
"Rotorua (Bay of Plenty)","40107",0.124699990891509,0.754454177494089,36
"Rotorua (Bay of Plenty)","40110",0.185769299559398,0.754454177494089,36
"Rotorua (Bay of Plenty)","40120",0.292796360796088,0.348082623632924,36
"Rotorua (Bay of Plenty)","40124",0.414918753503088,0.175308080808274,36
"Rotorua (Bay of Plenty)","40135",0.612981731266734,0.028567681801513,36
"Rotorua (Bay of Plenty)","40188",0.160103933339878,0.465512169874187,36
"Rotorua (Bay of Plenty)","40190",0.378733539788265,0.251452186508022,36
"Rotorua (Bay of Plenty)","40191",0.715642399110414,0.117850895021365,36
"Rotorua (Bay of Plenty)","40202",0.176241991049122,0.348082623632924,36
"Rotorua (Bay of Plenty)","54730",-0.209333592485268,0.602167527748196,36
"Rotorua (Bay of Plenty)","54731",0.0409436701197154,0.916965236628864,36
"Rotorua (Bay of Plenty)","54732",0.225655433386987,0.117850895021365,36
"Rotorua (Bay of Plenty)","54733",0.361337264142727,0.175308080808274,36
"Tara Hills (Canterbury)","11490",-0.756515223303366,0.0476039547278715,24
"Tara Hills (Canterbury)","11614",-0.253854267437522,0.175308080808274,24
"Tara Hills (Canterbury)","11617",-0.0864311114170875,0.916965236628864,24
"Tara Hills (Canterbury)","11618",-0.252650411415601,0.251452186508022,24
"Tara Hills (Canterbury)","11620",-0.0335130439462239,0.916965236628864,24
"Tara Hills (Canterbury)","12307",-0.0731010178662381,1,24
"Tara Hills (Canterbury)","45346",-0.322790661336045,0.175308080808274,24
"Tara Hills (Canterbury)","45360",0.477045428603662,0.028567681801513,24
"Tara Hills (Canterbury)","45483",-0.274850389565609,0.348082623632924,24
"Tara Hills (Canterbury)","45499",-0.0561050798656683,0.916965236628864,24
"Tara Hills (Canterbury)","45501",0.839007473657051,0.175308080808274,24
"Tara Hills (Canterbury)","45503",0.14013347194369,0.754454177494089,24
"Tara Hills (Canterbury)","45504",0.30148049858341,0.754454177494089,24
"Tara Hills (Canterbury)","45514",-0.0255588644879113,0.754454177494089,24
"Tara Hills (Canterbury)","45525",0.0670658364676925,0.602167527748196,24
"Tara Hills (Canterbury)","46212",0.434643984336793,0.251452186508022,24
"Tara Hills (Canterbury)","46265",-0.181186360030561,0.754454177494089,24
"Tara Hills (Canterbury)","46267",-0.433234206359819,0.754454177494089,24
"Tara Hills (Canterbury)","46395",-0.287831076253829,0.117850895021365,24
"Tara Hills (Canterbury)","54672",0.0166736727397839,0.916965236628864,24
"Tara Hills (Canterbury)","54736",0.0725143240598586,0.916965236628864,24
"Tara Hills (Canterbury)","54739",-0.501643785491487,0.251452186508022,24
"Tara Hills (Canterbury)","7408",0.134984554799604,0.602167527748196,24
"Tara Hills (Canterbury)","7409",-0.0647253528773615,1,24
"Taumarunui (Manawatu-Whanganui)","20741",0.123573096843323,0.602167527748196,4
"Taumarunui (Manawatu-Whanganui)","21367",0.349300627041531,0.0476039547278715,4
"Taumarunui (Manawatu-Whanganui)","21372",0.102309922076314,0.916965236628864,4
"Taumarunui (Manawatu-Whanganui)","21383",0.312934499365921,0.117850895021365,4
"Taupo (Waikato)","13148",0.161468988789501,0.348082623632924,13
"Taupo (Waikato)","13277",0.00923700202668443,1,13
"Taupo (Waikato)","13278",-0.000726120486544229,1,13
"Taupo (Waikato)","13857",0.275307796149001,0.348082623632924,13
"Taupo (Waikato)","13873",0.324577919622119,0.117850895021365,13
"Taupo (Waikato)","13876",0.123798555021027,0.916965236628864,13
"Taupo (Waikato)","13877",0.161286673843778,0.465512169874187,13
"Taupo (Waikato)","13909",-0.713136001555929,0.107762290391921,13
"Taupo (Waikato)","13915",-0.316282739672957,0.754454177494089,13
"Taupo (Waikato)","13970",0.634103586460311,0.251452186508022,13
"Taupo (Waikato)","21370",0.422107383773557,0.0763327403763572,13
"Taupo (Waikato)","40072",0.408204245100825,0.117850895021365,13
"Taupo (Waikato)","54734",0.56050936402403,0.117850895021365,13
"Tauranga (Bay of Plenty)","15719",0.186850768944395,0.251452186508022,1
"Timaru (Canterbury)","12469",0.517823488296277,0.028567681801513,2
"Timaru (Canterbury)","12690",0.42697178783097,0.028567681801513,2
"Waiouru (Manawatu-Whanganui)","17286",0.298554262035835,0.348082623632924,11
"Waiouru (Manawatu-Whanganui)","18609",-0.0116363569326301,1,11
"Waiouru (Manawatu-Whanganui)","18610",-0.018904315902541,1,11
"Waiouru (Manawatu-Whanganui)","20239",0.287238005176707,0.028567681801513,11
"Waiouru (Manawatu-Whanganui)","20844",0.115165473365285,0.602167527748196,11
"Waiouru (Manawatu-Whanganui)","20846",0.691845533722209,0.0476039547278715,11
"Waiouru (Manawatu-Whanganui)","20851",0.1019449841384,0.916965236628864,11
"Waiouru (Manawatu-Whanganui)","20857",0.14335705924153,0.754454177494089,11
"Waiouru (Manawatu-Whanganui)","20858",0.473093112078131,0.00914914757959376,11
"Waiouru (Manawatu-Whanganui)","34051",0.176586954163099,0.465512169874187,11
"Waiouru (Manawatu-Whanganui)","36783",0.267317923040794,0.602167527748196,11
"Wellington (Wellington)","1",0.28931974929052,0.175308080808274,10
"Wellington (Wellington)","1708",0.254807611073731,0.0476039547278715,10
"Wellington (Wellington)","195",0.18450380950041,0.028567681801513,10
"Wellington (Wellington)","229",0.0255068036815551,0.916965236628864,10
"Wellington (Wellington)","3",0.175801252045441,0.251452186508022,10
"Wellington (Wellington)","4",0.15516388207684,0.754454177494089,10
"Wellington (Wellington)","4278",0.403596550209611,0.0476039547278715,10
"Wellington (Wellington)","515",0.439267916158663,0.117850895021365,10
"Wellington (Wellington)","6",0.24489251349759,0.117850895021365,10
"Wellington (Wellington)","7",0.425484931067658,0.0763327403763572,10
"Whanganui (Manawatu-Whanganui)","13437",-0.0167121820565212,1,36
"Whanganui (Manawatu-Whanganui)","13438",0.0162896696792814,0.916965236628864,36
"Whanganui (Manawatu-Whanganui)","13443",-0.204529728037118,0.465512169874187,36
"Whanganui (Manawatu-Whanganui)","13446",0.0517636524633347,0.754454177494089,36
"Whanganui (Manawatu-Whanganui)","13447",-0.0433801860468771,0.754454177494089,36
"Whanganui (Manawatu-Whanganui)","13456",0.0698068551528916,0.754454177494089,36
"Whanganui (Manawatu-Whanganui)","13457",0.252601660048643,0.348082623632924,36
"Whanganui (Manawatu-Whanganui)","15898",0.264273441836918,0.117850895021365,36
"Whanganui (Manawatu-Whanganui)","15902",0.298194887880826,0.465512169874187,36
"Whanganui (Manawatu-Whanganui)","15904",0.306666431767994,0.117850895021365,36
"Whanganui (Manawatu-Whanganui)","15907",0.456641566811237,0.348082623632924,36
"Whanganui (Manawatu-Whanganui)","15926",0.267427532686195,0.348082623632924,36
"Whanganui (Manawatu-Whanganui)","15930",0.79868145203866,0.00487856447503363,36
"Whanganui (Manawatu-Whanganui)","16131",0.351274914638154,0.348082623632924,36
"Whanganui (Manawatu-Whanganui)","16222",0.177031492868792,0.348082623632924,36
"Whanganui (Manawatu-Whanganui)","16224",0.610286554435097,0.175308080808274,36
"Whanganui (Manawatu-Whanganui)","16901",0.222067852669605,0.175308080808274,36
"Whanganui (Manawatu-Whanganui)","16939",0.0414022455790487,0.916965236628864,36
"Whanganui (Manawatu-Whanganui)","17014",-0.0626443893265034,0.916965236628864,36
"Whanganui (Manawatu-Whanganui)","17214",-0.258942892078187,0.754454177494089,36
"Whanganui (Manawatu-Whanganui)","17363",-0.00718517432636766,1,36
"Whanganui (Manawatu-Whanganui)","18023",0.0998608709998847,0.602167527748196,36
"Whanganui (Manawatu-Whanganui)","18027",0.0908846785820707,0.754454177494089,36
"Whanganui (Manawatu-Whanganui)","18933",0.115847272221872,0.754454177494089,36
"Whanganui (Manawatu-Whanganui)","18934",-0.00991687723114139,0.916965236628864,36
"Whanganui (Manawatu-Whanganui)","18936",0.0106795705916276,1,36
"Whanganui (Manawatu-Whanganui)","18951",0.36296000834575,0.251452186508022,36
"Whanganui (Manawatu-Whanganui)","18957",-0.00262572810955482,1,36
"Whanganui (Manawatu-Whanganui)","19621",0.118520528960608,0.465512169874187,36
"Whanganui (Manawatu-Whanganui)","19624",0.299863934795512,0.175308080808274,36
"Whanganui (Manawatu-Whanganui)","20094",0.0357525597807178,0.754454177494089,36
"Whanganui (Manawatu-Whanganui)","20096",0.174149847428479,0.175308080808274,36
"Whanganui (Manawatu-Whanganui)","5008",0.183577356802789,0.251452186508022,36
"Whanganui (Manawatu-Whanganui)","5014",-0.0621453698051776,0.754454177494089,36
"Whanganui (Manawatu-Whanganui)","5042",0.462443325928755,0.0763327403763572,36
"Whanganui (Manawatu-Whanganui)","5306",0.134530883700692,0.348082623632924,36
"Whangaparaoa (Auckland)","21871",0.136324183634277,0.754454177494089,7
"Whangaparaoa (Auckland)","22999",0.424557923502533,0.754454177494089,7
"Whangaparaoa (Auckland)","49884",-0.0971471603688485,0.916965236628864,7
"Whangaparaoa (Auckland)","50151",0.41519295797893,0.251452186508022,7
"Whangaparaoa (Auckland)","50269",0.307107350019703,0.754454177494089,7
"Whangaparaoa (Auckland)","50371",-0.145529766749363,0.348082623632924,7
"Whangaparaoa (Auckland)","50373",0.36727174203006,0.465512169874187,7
"Whangarei (Northland)","17761",0.0341196752989118,0.754454177494089,15
"Whangarei (Northland)","21760",-0.187814792264994,0.754454177494089,15
"Whangarei (Northland)","21912",-0.199654385838154,0.602167527748196,15
"Whangarei (Northland)","21918",0.304676073929513,0.465512169874187,15
"Whangarei (Northland)","21926",0.40834109591912,0.602167527748196,15
"Whangarei (Northland)","23000",0.0871680971189677,0.916965236628864,15
"Whangarei (Northland)","23681",-0.0146582398096215,1,15
"Whangarei (Northland)","23863",0.243666465052559,0.754454177494089,15
"Whangarei (Northland)","50314",-0.0582290046230244,0.754454177494089,15
"Whangarei (Northland)","50320",0.167326555169159,0.916965236628864,15
"Whangarei (Northland)","50326",0.27915954224998,0.916965236628864,15
"Whangarei (Northland)","50345",0.0697544739906983,1,15
"Whangarei (Northland)","50377",0.262938759604007,0.465512169874187,15
"Whangarei (Northland)","50405",0.109353508347231,0.754454177494089,15
"Whangarei (Northland)","50413",0.26490809300873,0.465512169874187,15
