"district","LID","sen_slope","sen_signif","median_temp","intercept","n"
"Auckland (Auckland)","45811",0.0054686659386137,0.9453298708327,16.5753254764605,16.484680558606,5
"Auckland (Auckland)","45812",0.166937660340839,0.0127313642699235,16.0043791713533,13.3326455572799,5
"Auckland (Auckland)","45813",0.0943997843629749,0.0995087321591697,16.7442782074421,15.1636219553459,5
"Auckland (Auckland)","45819",-0.0131387978529865,0.685328555783378,16.884302160149,17.1061415931199,5
"Auckland (Auckland)","49337",0.0339229528790604,0.582950557761892,16.9982516290862,16.4216207400463,5
"Blenheim (Marlborough)","25994",-0.000293899176260304,1,14.3865154940558,14.3907436791087,4
"Blenheim (Marlborough)","27286",0.0128105008293563,0.672610987228665,11.7992911301808,11.6481363013718,4
"Blenheim (Marlborough)","27936",-0.00514401827367154,0.964089361267912,13.2776066114703,13.3459068625103,4
"Blenheim (Marlborough)","28066",-0.0435501390106312,0.433826840365301,12.5256235954486,13.0711162442253,4
"Christchurch (Canterbury)","25972",0.0917861858722323,0.303096532467549,14.2350172082301,12.9284392728611,8
"Christchurch (Canterbury)","47579",0.0334042558952308,0.138966893956733,12.6224332442085,12.2007902540984,8
"Christchurch (Canterbury)","48177",0.059443943249233,0.017053286657374,13.1133458540606,12.3338368673043,8
"Christchurch (Canterbury)","48447",-0.0394795638748787,0.293917170251957,11.8139669115093,12.280377172808,8
"Christchurch (Canterbury)","48597",0.00293142856607231,0.951352130954404,10.6762413898252,10.6449447508367,8
"Christchurch (Canterbury)","48657",0.0886011081276298,0.275757847827509,11.3127762276082,10.3104517178422,8
"Christchurch (Canterbury)","48660",0.0167493420579553,0.826665969670155,11.3170438357347,11.1274907974451,8
"Christchurch (Canterbury)","48700",-0.0792370827943943,0.537133857176902,12.4524007462659,13.4390926551867,8
"Dannevirke (Manawatu-Whanganui)","32805",0.00418751618603442,0.944216627991912,14.4201238291205,14.3597393271814,2
"Dannevirke (Manawatu-Whanganui)","33309",0.0509508093503438,0.324712384363857,15.2767935406471,14.498428545473,2
"Dunedin (Otago)","11911",-0.00118930878457579,1,11.1643452958083,11.1776231497426,10
"Dunedin (Otago)","44391",-0.0359636454938335,0.324712384363857,11.266039115212,11.6712069520711,10
"Dunedin (Otago)","44405",-0.0681927554507236,0.0339090759496075,11.7889520719875,12.5928731976528,10
"Dunedin (Otago)","44599",0.00373442129002353,1,11.1852893949358,11.1435188120842,10
"Dunedin (Otago)","44694",-0.00623321792527446,0.779566064581155,10.7485166857475,10.8155145326232,10
"Dunedin (Otago)","44746",0.068676289926518,0.234239263033982,10.8539364486181,10.1085283622288,10
"Dunedin (Otago)","44747",0.0108327170679911,0.879572789007499,11.3606462252974,11.2375795590292,10
"Dunedin (Otago)","45153",0.0271834284052255,0.448718015619145,10.4505602476675,10.1664781913805,10
"Dunedin (Otago)","5264",-0.0136373514836975,0.836819705051275,8.32143739365359,8.43491976024043,10
"Dunedin (Otago)","8890",-0.101314187893724,0.197801027037801,10.8258485319428,11.922660584217,10
"Gisborne (Gisborne)","34665",0.0159970503314797,0.761873394777985,15.7850514149048,15.5325371529356,7
"Gisborne (Gisborne)","34688",-0.0406293327674026,0.45067028531418,14.5391052395216,15.1298193844384,7
"Gisborne (Gisborne)","34689",-0.14779805900264,0.0585875753104889,14.1869698013983,16.283776401174,7
"Gisborne (Gisborne)","37607",-0.058999478087829,0.372691490471518,15.9239236403167,16.8634268242059,7
"Gisborne (Gisborne)","40050",0.0187604767299551,0.381032385484343,13.3359748640458,13.0857856179376,7
"Gisborne (Gisborne)","40326",-0.0269234270241628,0.314524869050972,13.7559081805454,14.1262643705954,7
"Gisborne (Gisborne)","40396",0.0135648971617893,0.879572789007499,11.9535321884777,11.7913837536209,7
"Hamilton (Waikato)","12872",-0.0751203580134286,0.360121647755378,16.9889635522466,18.2651805765685,12
"Hamilton (Waikato)","12873",-0.0099520301383779,0.742556821926578,16.5493786634182,16.714078578648,12
"Hamilton (Waikato)","12876",0.0390725152947322,0.198210619038843,16.2278811859959,15.593817050155,12
"Hamilton (Waikato)","14406",-0.0922920306627045,0.591505036994917,16.9266586735345,18.4888543748494,12
"Hamilton (Waikato)","14546",0.022613750622934,0.267327019788506,16.0943461597188,15.7303926292238,12
"Hamilton (Waikato)","15013",0.13963612195301,0.212911902811505,17.5500912951125,15.0994646067417,12
"Hamilton (Waikato)","15033",-0.0202942725794813,0.533416513472694,17.1645301299387,17.5128717830944,12
"Hamilton (Waikato)","41314",-0.00312986234674639,1,16.887820307555,16.9406768604543,12
"Hamilton (Waikato)","49169",-0.00350356704154748,0.755496874928883,16.7216969621172,16.7802825484724,12
"Hamilton (Waikato)","49186",-0.00680214189975433,0.9453298708327,17.121649689575,17.2381135803214,12
"Hamilton (Waikato)","49200",0.0271017529487872,0.876269663627762,17.0398520164654,16.5780421568312,12
"Hamilton (Waikato)","50782",0.181678995741739,0.436274928840529,16.5195348399034,13.5182823400691,12
"Hokitika (West Coast)","38421",-0.00147922591099192,1,13.6977780179034,13.7180401260705,15
"Hokitika (West Coast)","38502",0.0167703603085071,0.381187304987758,13.6287750385404,13.4002155705805,15
"Hokitika (West Coast)","38638",0.0183282411633777,0.450295153307041,13.6714895204984,13.4209151635041,15
"Hokitika (West Coast)","38664",0.029451201752324,0.595912394811716,14.0687405439514,13.6543992277904,15
"Hokitika (West Coast)","38665",0.00927541635963394,0.88870559083523,13.5417911569652,13.4161854057292,15
"Hokitika (West Coast)","38955",-0.00447462719874184,1,13.0060312550331,13.0642283962346,15
"Hokitika (West Coast)","38974",-0.00350537382803158,0.944216627991912,13.5316809818432,13.5791145822062,15
"Hokitika (West Coast)","46964",-0.0616549121994809,0.372691490471518,12.5956345963341,13.3722173414678,15
"Hokitika (West Coast)","46992",-0.00724242873648073,1,13.5285101906715,13.6264894616382,15
"Hokitika (West Coast)","47491",-0.00108664673637671,0.88870559083523,14.3300229743604,14.3455946470577,15
"Hokitika (West Coast)","48213",0.0501001268315596,0.0555929748188698,11.5184864108041,10.9414087807152,15
"Hokitika (West Coast)","48217",-0.0200752810002589,0.761873394777985,11.5746809970601,11.8070459705644,15
"Hokitika (West Coast)","48451",0.02072060950965,0.114316775540404,11.4720815024388,11.2343729813639,15
"Hokitika (West Coast)","48455",-0.0590682218347034,0.154629751965815,11.2118332752771,11.8740963303549,15
"Hokitika (West Coast)","48456",-0.0169390688330645,0.401102572891941,10.9975760357298,11.1838647331959,15
"Invercargill (Southland)","26036",0.0670410139210347,0.436274928840529,11.5632925111458,10.788077656933,8
"Invercargill (Southland)","26111",0.00289933263663986,1,11.2168960247883,11.1843745120618,8
"Invercargill (Southland)","28532",0.184256624990687,0.107404636330254,11.257297466994,9.18306582920949,8
"Invercargill (Southland)","29244",0.176499014909749,0.283130870662347,11.6317448888192,9.57875337426112,8
"Invercargill (Southland)","29250",0.0350125724600768,0.511220344688192,9.28490136987381,8.95981308787643,8
"Invercargill (Southland)","29956",-0.0863842169264555,0.303673214899419,8.15195491075749,8.85615515214305,8
"Invercargill (Southland)","30380",0.0436807951155913,1,11.2842256524481,10.7913217036854,8
"Invercargill (Southland)","54742",0.0545484248382969,0.584070366945506,10.6125810300691,10.0336814514101,8
"Kerikeri (Northland)","23721",0.0255552858236245,0.300427116749241,15.8603408632198,15.4550253192001,3
"Kerikeri (Northland)","24271",0.089679527118531,0.0798019286423907,17.6709513978986,16.0862288328006,3
"Kerikeri (Northland)","24304",0.0178606242092098,1,17.3658953020966,17.0557295720493,3
"Lake Tekapo (Canterbury)","41299",-0.0280126008108272,0.575636913604803,10.7584816578667,11.0598547098791,17
"Lake Tekapo (Canterbury)","41305",-0.0217242647757434,0.487350390335321,10.8308461434358,11.0661383128012,17
"Lake Tekapo (Canterbury)","41306",-0.0012471021262634,1,11.5382877238348,11.5526771469886,17
"Lake Tekapo (Canterbury)","41354",-0.0160094411236823,0.820338216433617,11.0803847948677,11.2577755628689,17
"Lake Tekapo (Canterbury)","45686",-0.0291484093036634,0.826665969670155,12.1201843687291,12.4734684635446,17
"Lake Tekapo (Canterbury)","45692",-0.024630984282275,1,11.7810115009335,12.0711894100423,17
"Lake Tekapo (Canterbury)","46564",0.0641425159617738,0.050090305683375,10.9405613819799,10.2388062489055,17
"Lake Tekapo (Canterbury)","46723",0.000383850063861768,1,11.4120851664069,11.407704636787,17
"Lake Tekapo (Canterbury)","46724",-0.0169165232829589,0.341717880045567,12.1867227494028,12.392879728536,17
"Lake Tekapo (Canterbury)","46725",-0.00417322315110409,0.735080492681957,13.0020924105138,13.0563530435742,17
"Lake Tekapo (Canterbury)","46954",-0.0209669852474253,0.40467024441074,14.02903206526,14.323178573608,17
"Lake Tekapo (Canterbury)","46959",-0.0592447974365624,0.0798019286423907,13.7703363490793,14.5861571367138,17
"Lake Tekapo (Canterbury)","47193",0.015236745642716,0.267327019788506,11.7506090960952,11.5715680541511,17
"Lake Tekapo (Canterbury)","47198",0.0217108804987461,0.611760029254632,11.701950578119,11.4478909275152,17
"Lake Tekapo (Canterbury)","47228",0.0346391647690244,0.0445205240876462,11.1615303548743,10.7749042658374,17
"Lake Tekapo (Canterbury)","47860",-0.0495153142829476,0.158570249496755,11.5108267609887,12.0807889657156,17
"Lake Tekapo (Canterbury)","47892",-0.000766118484076372,1,10.4499417914284,10.4579476849923,17
"Masterton (Wellington)","1974",0.0600512139359412,0.631221820478253,14.0724809167683,13.227411354626,2
"Masterton (Wellington)","4345",0.0800720957503379,0.0864711277740726,15.2092289541869,13.9913941170785,2
"Milford Sound (Southland)","29748",0.0587186402642178,1,7.49876427694329,7.05844703493929,83
"Milford Sound (Southland)","45924",0.125807540819236,0.119470986771701,7.11284945354154,6.21799935557404,83
"Milford Sound (Southland)","46043",0.0408428995941237,0.474274350767329,7.93520384823567,7.61110711420328,83
"Milford Sound (Southland)","46140",0.104806578709149,0.210497700055337,13.1956313699574,11.8126423921651,83
"Milford Sound (Southland)","46160",0.0180977746142516,0.650463122950713,12.2139731286056,11.9929273957796,83
"Milford Sound (Southland)","47067",0.017929721511579,0.685328555783378,11.184921258992,10.9843787356894,83
"Milford Sound (Southland)","50629",-0.0396309752554894,0.620690717075355,9.71982054218837,10.1050265095836,83
"Milford Sound (Southland)","50639",0.0416731571698771,0.755496874928883,7.7506220945158,7.42762920180672,83
"Milford Sound (Southland)","51647",0.113954652094368,0.474274350767329,8.21018158892983,7.27459320233174,83
"Milford Sound (Southland)","51784",0.150721254565388,0.0318231273864902,9.41965949514883,7.99991659846123,83
"Milford Sound (Southland)","51822",0.128584659418003,0.371093369522698,11.8863593770273,10.3579559048123,83
"Milford Sound (Southland)","51826",0.227463155173586,0.283130870662347,7.2371565238104,5.59097006641938,83
"Milford Sound (Southland)","51874",0.160023603389207,0.371093369522698,8.29109649782184,6.96432536019275,83
"Milford Sound (Southland)","51876",-0.0624632460979431,0.640428787412791,8.51293438277244,9.04467989813919,83
"Milford Sound (Southland)","51940",0.0681592500761263,0.350201389179296,11.1338641837372,10.3749883505242,83
"Milford Sound (Southland)","51954",-0.034811118408881,0.533416513472694,12.4093377672764,12.8413206936689,83
"Milford Sound (Southland)","51972",0.142835058250096,0.243722284772174,9.92323528513554,8.5058493951538,83
"Milford Sound (Southland)","51985",0.0496685721218597,0.299665448434302,8.61986097281861,8.19172478640977,83
"Milford Sound (Southland)","52143",-0.0020378288912764,0.951352130954404,9.16661481675479,9.18529480926357,83
"Milford Sound (Southland)","52205",-0.0946841874260681,0.371093369522698,7.95182165323456,8.70473342502808,83
"Milford Sound (Southland)","52221",0.0502577507005942,0.661415917007863,8.27036477370369,7.85471484270391,83
"Milford Sound (Southland)","52235",-0.00327392674761917,1,8.33170372852311,8.35898111621316,83
"Milford Sound (Southland)","52240",-0.0429079462221413,0.640428787412791,9.23419930683302,9.63041983409515,83
"Milford Sound (Southland)","52241",0.0222925190002753,0.858027656987521,8.30247390962237,8.11739085224282,83
"Milford Sound (Southland)","52243",-0.000341776005811903,1,10.3279748750754,10.3315047290763,83
"Milford Sound (Southland)","52274",0.0489853495851642,0.582950557761892,8.01932262231724,7.62649330022682,83
"Milford Sound (Southland)","52292",0.0508598614081139,0.537133857176902,9.43926170465594,8.95918216256222,83
"Milford Sound (Southland)","52358",0.00175591451133547,1,9.72017661015273,9.70310881099022,83
"Milford Sound (Southland)","52389",-0.179109501846893,0.212911902811505,8.49576288134122,10.0174347388276,83
"Milford Sound (Southland)","52393",0.0112002512131326,0.876269663627762,10.1468942616855,10.0332464969215,83
"Milford Sound (Southland)","52475",-0.121434580151113,0.640428787412791,8.38583903303595,9.40416987522748,83
"Milford Sound (Southland)","52532",-0.0997411665105386,0.162805449743693,11.4027062439119,12.5400254660567,83
"Milford Sound (Southland)","52566",-0.000249478609635734,1,11.3155154507585,11.3183384298204,83
"Milford Sound (Southland)","52576",-0.0294281850736266,0.669334014464053,12.1034980203021,12.4596820000818,83
"Milford Sound (Southland)","52577",0.00368994788861627,0.921158650225025,12.0109703097678,11.966650455233,83
"Milford Sound (Southland)","52585",0.0620761962469409,0.533416513472694,7.84698853431474,7.35987733411112,83
"Milford Sound (Southland)","52592",-0.0602672731668843,0.584070366945506,9.88042966213647,10.4758962155906,83
"Milford Sound (Southland)","52613",-0.0420774733125402,0.474274350767329,9.01728853189329,9.3967132494455,83
"Milford Sound (Southland)","52617",0.0831117046340572,0.303673214899419,6.92159269002483,6.34632732277424,83
"Milford Sound (Southland)","52652",-0.0299505951969643,0.499461203104015,10.9329939118893,11.2604435868352,83
"Milford Sound (Southland)","52666",-0.0191650730231791,0.760332307521876,10.1231682151192,10.3171794731879,83
"Milford Sound (Southland)","52684",-0.00958111230331227,0.755496874928883,8.74439391485762,8.82817493498028,83
"Milford Sound (Southland)","52722",0.0685336322286011,0.276278415808018,11.2259376305141,10.4565833495232,83
"Milford Sound (Southland)","52740",0.00801704848670573,0.876269663627762,7.89712334680728,7.83381172603043,83
"Milford Sound (Southland)","52851",-0.0361182872700542,0.661415917007863,8.73175317354526,9.04712914303858,83
"Milford Sound (Southland)","52875",-0.0182782494646107,0.620425293710382,8.04499437409496,8.19204278820606,83
"Milford Sound (Southland)","52878",-0.00931370206277435,0.967142330906372,8.97652021764965,9.06012485251731,83
"Milford Sound (Southland)","52884",0.0350347908704392,0.363020384944015,10.8918238362161,10.5102310659166,83
"Milford Sound (Southland)","52887",0.0460205517856224,0.436274928840529,8.18408545111246,7.80744932279158,83
"Milford Sound (Southland)","52896",0.115439246988729,0.200128117678602,6.27366969496642,5.54944198952349,83
"Milford Sound (Southland)","52902",0.0166286830344414,0.692180772721877,8.85904773708449,8.71173344027753,83
"Milford Sound (Southland)","52906",0.0058164019049521,0.967142330906372,9.99868668863972,9.94053030833689,83
"Milford Sound (Southland)","52914",0.0663074029729913,0.174033580208164,9.46653393567768,8.83883265524721,83
"Milford Sound (Southland)","52924",-0.00337399809840022,1,8.42374955799355,8.45217127298362,83
"Milford Sound (Southland)","52927",-0.0370514710023211,0.669334014464053,7.55298181874831,7.83283090558673,83
"Milford Sound (Southland)","52940",-0.0478897929437145,0.373053116251453,7.24505003443172,7.59201398044751,83
"Milford Sound (Southland)","52954",-0.0285572004446777,0.392314347285355,7.96153040753086,8.18888942722511,83
"Milford Sound (Southland)","52960",-0.0110968164627338,1,6.88978937844961,6.96624410664916,83
"Milford Sound (Southland)","53020",-0.0208305314701381,0.820216749509663,7.9710786427594,8.13712044727835,83
"Milford Sound (Southland)","53022",0.0110748183349294,0.843085229269984,7.97559355739843,7.88726530763701,83
"Milford Sound (Southland)","53025",0.0627846136826697,0.0339090759496075,11.0556122239484,10.3614898814424,83
"Milford Sound (Southland)","53033",-0.0172903332340405,0.854777098065548,7.06216899188701,7.18427624711185,83
"Milford Sound (Southland)","53034",0.0921390436331649,0.234954783703343,8.54363486582319,7.75643252013528,83
"Milford Sound (Southland)","53048",0.0397985788674225,0.141725953806468,11.3695935963445,10.9170999289098,83
"Milford Sound (Southland)","53062",0.0345738680988606,0.155824587862033,9.97112064086185,9.62638043102686,83
"Milford Sound (Southland)","53101",-0.0125253437790016,0.773080066312313,10.7110326056413,10.845191971255,83
"Milford Sound (Southland)","53109",0.00941017801146926,0.892558465851561,7.66612688005784,7.59398726145799,83
"Milford Sound (Southland)","53114",0.0498550613187153,0.0234762206100809,9.85253830194395,9.36133940075554,83
"Milford Sound (Southland)","53117",0.065381842085836,0.0427634258331939,9.37811435948484,8.7649559673701,83
"Milford Sound (Southland)","53851",0.0100343722763251,0.742556821926578,10.2483583957944,10.1455225524298,83
"Milford Sound (Southland)","53872",0.0391246098198036,0.73170172322421,9.54807319336949,9.17450855514798,83
"Milford Sound (Southland)","53877",0.0359431905164748,0.443421402864083,8.85206054120209,8.5338892427063,83
"Milford Sound (Southland)","53963",0.192799373909118,0.00189281948588247,4.86315120446809,3.92553869702127,83
"Milford Sound (Southland)","54060",0.023719469904607,0.843085229269984,7.82466851970884,7.63907153024208,83
"Milford Sound (Southland)","54132",0.0430721942400144,0.201612323534696,11.2423158727745,10.7580846597947,83
"Milford Sound (Southland)","54141",0.0851952963337424,0.303673214899419,11.2307953619382,10.2739844230143,83
"Milford Sound (Southland)","54144",0.0305959755854813,0.444043639662887,11.4317746698705,11.0820083711724,83
"Milford Sound (Southland)","54356",0.0285154744716789,0.123549865896804,11.1085120645182,10.7917475723241,83
"Milford Sound (Southland)","54413",0.0355499297144064,0.669334014464053,8.23005989749897,7.93748184659752,83
"Milford Sound (Southland)","54435",0.0130980743796404,0.127476932741378,10.6422510898489,10.5028580935073,83
"Milford Sound (Southland)","54443",0.051214920827875,0.200128117678602,12.0902450712053,11.4710441270939,83
"Milford Sound (Southland)","54561",-0.0183478246869331,0.544486056825911,10.5444779598144,10.7379461928363,83
"Milford Sound (Southland)","54735",0.0799279328843521,0.212911902811505,11.8340350595396,10.8881650995497,83
"Napier (Hawke's Bay)","35422",-0.00144883678024973,0.955026455293992,15.9251776915263,15.9482506746978,9
"Napier (Hawke's Bay)","35662",0.0115190718043601,0.964089361267912,14.8355650278027,14.6646730889892,9
"Napier (Hawke's Bay)","36096",0.0146294383586191,0.721176307474874,16.226595142763,15.9892091693517,9
"Napier (Hawke's Bay)","36215",0.0191489141374631,0.537603236348886,16.3210438783838,16.0085136105229,9
"Napier (Hawke's Bay)","36960",-0.0159400288788991,0.581254760411818,16.837165488912,17.105550393044,9
"Napier (Hawke's Bay)","36980",-0.0396212391752204,0.1272886922566,16.6549940425556,17.3148855449775,9
"Napier (Hawke's Bay)","36981",0.00822845654618683,0.525992485609421,16.2814448291381,16.1474736678524,9
"Napier (Hawke's Bay)","37530",-0.00202656383003788,1,15.8003657047965,15.8323861544352,9
"Napier (Hawke's Bay)","37534",-0.00566492161858241,0.566142727568169,15.940208134547,16.0305081642131,9
"Nelson (Nelson)","24789",-0.0203473533542819,0.843085229269984,10.4706229266996,10.6836723912286,13
"Nelson (Nelson)","24947",0.198364967281826,0.283130870662347,9.16598264176464,7.34777279492521,13
"Nelson (Nelson)","24960",0.119984390942463,0.114756734318649,8.88874037615347,7.82223027587502,13
"Nelson (Nelson)","24969",0.053033896576754,0.303096532467549,10.7149141790467,10.1466605286464,13
"Nelson (Nelson)","24971",-0.0484437791015772,0.876269663627762,8.27658021150851,8.67752903499131,13
"Nelson (Nelson)","25002",0.0400060885558438,0.276278415808018,10.2137892773762,9.80517551905478,13
"Nelson (Nelson)","25024",0.0099588949284947,0.892558465851561,9.61178613143912,9.51606336328096,13
"Nelson (Nelson)","25044",0.0365750721520488,0.28393508435663,11.246555084762,10.8352115210749,13
"Nelson (Nelson)","25519",-0.00226882797658215,0.879572789007499,14.0597179579208,14.0916170393666,13
"Nelson (Nelson)","25748",0.0191214246258452,0.685328555783378,14.7567232556873,14.4745536842292,13
"Nelson (Nelson)","25765",0.0202932768735546,0.912814027184075,14.2222484144188,13.9336323895805,13
"Nelson (Nelson)","27762",0.00977585603132244,0.526178096719771,11.7158909062261,11.6013580434482,13
"Nelson (Nelson)","28162",0.0258501233888159,0.341717880045567,11.6115200163182,11.3113607911647,13
"New Plymouth (Taranaki)","7506",-0.0675991634084872,0.720514787136255,15.3393624982946,16.3762905703989,1
"Queenstown (Otago)","53145",-0.0787276227600134,0.640428787412791,8.435341022361,9.09943536822151,18
"Queenstown (Otago)","53338",0.0362304207126861,0.200128117678602,10.1221943408166,9.7554629813132,18
"Queenstown (Otago)","53353",0.0501945693464865,0.322299595871919,10.1114816283263,9.60394016253755,18
"Queenstown (Otago)","53392",0.0508851771922593,0.499461203104015,8.44067276584823,8.01116763653616,18
"Queenstown (Otago)","53532",0.00180238438846509,0.871131491597158,11.402496581465,11.381944899637,18
"Queenstown (Otago)","53545",-0.0365757398454832,0.327285580221955,10.665708252397,11.0558144227045,18
"Queenstown (Otago)","53549",0.0169086226375568,0.581254760411818,11.0532038155562,10.866309363303,18
"Queenstown (Otago)","53707",-0.0387889711790678,0.401102572891941,12.1564609223844,12.6279975347422,18
"Queenstown (Otago)","54039",0.00871927413843684,0.820338216433617,9.95339336095286,9.86660699563101,18
"Queenstown (Otago)","54177",0.00435760140935707,0.779566064581155,8.23490667581159,8.19902223487515,18
"Queenstown (Otago)","54190",-0.0149542207137113,0.381187304987758,12.2173357653094,12.4000365008774,18
"Queenstown (Otago)","54737",0.0208098070644806,0.259354892820018,12.7526392369698,12.4872592748855,18
"Queenstown (Otago)","7640",-0.22734840565138,0.107404636330254,10.0288572290672,12.3089019306009,18
"Queenstown (Otago)","7660",0.0461400696085589,0.837011475105446,9.31491923429217,8.88512821242383,18
"Queenstown (Otago)","7688",-0.0275453171174347,0.704853461217842,11.6619199167896,11.9831511990957,18
"Queenstown (Otago)","7689",-0.0604439284332331,0.552615125062848,11.5045155602722,12.1998936754563,18
"Queenstown (Otago)","7777",0.0172658276686385,0.73170172322421,9.06927745495341,8.91268887333712,18
"Queenstown (Otago)","7901",-0.00866881529463096,0.88870559083523,10.0784886551779,10.1658572117787,18
"Reefton (West Coast)","24724",0.0867719103123424,0.533416513472694,9.44662919034042,8.62692712948225,21
"Reefton (West Coast)","24805",-0.0473368346761309,0.755496874928883,9.73457351710933,10.1953774143314,21
"Reefton (West Coast)","25212",0.00534247705768412,0.832591967665674,11.7521531401873,11.6893675316575,21
"Reefton (West Coast)","26357",0.0322000297681851,0.9453298708327,11.8741612729474,11.4918129264863,21
"Reefton (West Coast)","26477",0.0289741241661635,0.314524869050972,9.15486008384401,8.88960603105086,21
"Reefton (West Coast)","26514",0.0446344361820276,0.0626981162609826,7.33491467598409,7.00752489497826,21
"Reefton (West Coast)","26887",-0.0733152882904484,0.474274350767329,12.7831268665395,13.7203254980133,21
"Reefton (West Coast)","27558",-0.084193605546834,0.742556821926578,10.2505087743407,11.1135360667419,21
"Reefton (West Coast)","27564",-0.0364143932431401,0.620425293710382,11.6045306379319,12.0271025799837,21
"Reefton (West Coast)","27566",-0.0723997543693239,0.45067028531418,11.360029793428,12.1824931601003,21
"Reefton (West Coast)","34299",0.000816103544240221,1,14.2935305459853,14.281865545047,21
"Reefton (West Coast)","39225",0.0823460349348196,0.198210619038843,13.310379212512,12.2143222608827,21
"Reefton (West Coast)","39226",0.0785793885742407,0.0487449207397066,13.4511996126331,12.3942125714824,21
"Reefton (West Coast)","39297",0.030911406300655,0.876269663627762,10.5833589511752,10.2562124426098,21
"Reefton (West Coast)","39356",0.00814037874780441,0.876269663627762,11.533902661595,11.4400123254893,21
"Reefton (West Coast)","39357",0.0195020584563956,0.876269663627762,11.3070895732658,11.0865780514363,21
"Reefton (West Coast)","39364",-0.0297570133152103,0.876269663627762,11.461993605256,11.8030683015865,21
"Reefton (West Coast)","39599",0.00374593382335133,0.836819705051275,14.4978483796337,14.4435403990226,21
"Reefton (West Coast)","39621",0.0551421412873878,0.255818049466537,13.7368463748819,12.979367251235,21
"Reefton (West Coast)","39837",0.0710322568015413,0.640428787412791,10.4764987045015,9.73232935814237,21
"Reefton (West Coast)","54741",-0.256898207462087,0.350201389179296,10.1948858254213,12.8139337192526,21
"Rotorua (Bay of Plenty)","11133",0.146543738994852,0.188887477539538,15.2098109426118,12.9809083776767,16
"Rotorua (Bay of Plenty)","11138",0.0566593423404136,0.876269663627762,15.5005635330026,14.6223117973169,16
"Rotorua (Bay of Plenty)","13957",0.0722236915319417,0.100518173207465,16.2565249185769,15.0824186774763,16
"Rotorua (Bay of Plenty)","15312",0.0693256107328732,0.125311111389424,15.028564341489,13.986699940077,16
"Rotorua (Bay of Plenty)","15325",0.147258959206302,0.114756734318649,15.4800519699079,13.2004756283598,16
"Rotorua (Bay of Plenty)","15621",0.127418108099323,0.436274928840529,14.8273446498861,12.938072446461,16
"Rotorua (Bay of Plenty)","40071",0.0676584075482851,0.720514787136255,14.8069202093376,13.8051075672793,16
"Rotorua (Bay of Plenty)","40102",0.00188871441413418,1,15.6016087448258,15.5721417615058,16
"Rotorua (Bay of Plenty)","40124",0.207080072014039,0.210497700055337,14.7910551646256,11.7281223959713,16
"Rotorua (Bay of Plenty)","40188",0.0770649830110024,0.755496874928883,15.4944533726782,14.300373586748,16
"Rotorua (Bay of Plenty)","40216",-0.0193684598085436,0.858027656987521,16.1618144294613,16.4748438826715,16
"Rotorua (Bay of Plenty)","40253",0.0363743497669141,0.443421402864083,17.5493418232332,16.9109959255758,16
"Rotorua (Bay of Plenty)","54730",0.0418274535152727,0.640428787412791,15.7317317587283,15.0737134798754,16
"Rotorua (Bay of Plenty)","54731",0.178672079118662,0.00748788681514909,15.680129242281,12.8785279497133,16
"Rotorua (Bay of Plenty)","54732",0.20981998330535,0.107404636330254,15.5798024019391,12.3108485220635,16
"Rotorua (Bay of Plenty)","54733",0.0215025568787865,0.858027656987521,17.3980905499412,17.0239871183088,16
"Tara Hills (Canterbury)","11614",0.0515687785605696,0.26605176012296,10.2784974397825,9.74844788137498,18
"Tara Hills (Canterbury)","11620",-0.0733960005139913,0.720514787136255,9.9207465921814,10.6488897141603,18
"Tara Hills (Canterbury)","11709",0.0243917823197257,0.267327019788506,11.3894070507706,11.1115991132375,18
"Tara Hills (Canterbury)","12307",0.0253814729796692,0.349219342794742,11.4972143147561,11.2053980802846,18
"Tara Hills (Canterbury)","45411",0.0175472427743542,0.381187304987758,7.79460979856856,7.65783588810172,18
"Tara Hills (Canterbury)","45483",-0.255578133838923,0.0864711277740726,10.8701102710884,13.6482727687964,18
"Tara Hills (Canterbury)","45499",-0.168873752675305,0.283130870662347,9.99930274448839,11.6879225230866,18
"Tara Hills (Canterbury)","45501",-0.152249399043054,0.243722284772174,13.6889106838234,15.7730391089895,18
"Tara Hills (Canterbury)","45503",-0.0291001152163979,0.488422316622593,11.9742154829933,12.3226665331743,18
"Tara Hills (Canterbury)","45504",-0.0352854192536351,0.544486056825911,11.5936546386158,12.0027416032212,18
"Tara Hills (Canterbury)","45514",0.0216962178856945,0.441488211013973,11.0037952122512,10.7650544737566,18
"Tara Hills (Canterbury)","45525",0.0181746545545375,0.620425293710382,11.0331937036872,10.8326692194894,18
"Tara Hills (Canterbury)","46212",0.0140830476560603,0.721176307474874,8.41396893754105,8.29547461201705,18
"Tara Hills (Canterbury)","46265",-0.0178111092459483,0.88870559083523,12.0272875012264,12.2415068328432,18
"Tara Hills (Canterbury)","54672",0.0254703630497154,0.186660522415582,11.8480584812345,11.5462841302832,18
"Tara Hills (Canterbury)","54736",0.0281559203168401,0.0483982231812983,11.9282532493334,11.5924023013261,18
"Tara Hills (Canterbury)","7408",0.0267403652380559,0.224411483786572,11.6123863173597,11.3018668659481,18
"Tara Hills (Canterbury)","7409",0.0720681633190662,0.0143257425431082,12.0394782337989,11.1718151501691,18
"Taumarunui (Manawatu-Whanganui)","21367",0.0378011644635067,0.162984413296641,12.595849222936,12.1197114549023,2
"Taumarunui (Manawatu-Whanganui)","21383",0.0480344119998888,0.050090305683375,11.1603524749032,10.6242715060597,2
"Taupo (Waikato)","13148",0.0405242165790242,0.327285580221955,13.4683652452207,12.922570295058,8
"Taupo (Waikato)","13277",-0.00274678814879376,1,10.1006584575718,10.1284028265181,8
"Taupo (Waikato)","13278",0.0454774106956677,0.876269663627762,14.1270834073466,13.4846202332987,8
"Taupo (Waikato)","13857",0.0184673017487617,0.685328555783378,15.6947349732341,15.4048955666166,8
"Taupo (Waikato)","13876",0.0576570371919477,0.191670591422755,16.2738592149327,15.3355567089208,8
"Taupo (Waikato)","13970",0.0418558000303594,0.273561411724749,16.6381204600297,15.9417186171737,8
"Taupo (Waikato)","21370",0.0335680896109848,0.17269436302932,13.0513520373028,12.6132430825701,8
"Taupo (Waikato)","54734",0.0160689541650545,0.581254760411818,14.8491269214179,14.6105169815266,8
"Timaru (Canterbury)","12406",0.0302601406101513,0.52886452036419,11.6903365209375,11.336585294034,2
"Timaru (Canterbury)","12469",0.0521700531731208,0.137645845518265,11.3455082726275,10.7536125027684,2
"Waiouru (Manawatu-Whanganui)","18610",-0.0473885013458073,0.363315909666391,11.5502884009031,12.0976392583337,3
"Waiouru (Manawatu-Whanganui)","20846",0.0151787910421893,0.843085229269984,9.8361967777955,9.68689520225549,3
"Waiouru (Manawatu-Whanganui)","20851",0.0859293255863597,0.0239875344644269,8.67347596967111,7.92817002910778,3
"Wellington (Wellington)","1",0.003192204198793,0.955026455293992,13.6466641729236,13.6031012342513,8
"Wellington (Wellington)","119",0.0550102734769338,0.144292055440105,14.200270961395,13.4191101723621,8
"Wellington (Wellington)","1708",0.0404693171326538,0.303096532467549,13.8748927612828,13.3133853259449,8
"Wellington (Wellington)","229",-0.00114914819990826,0.92246206718676,14.9841012723132,15.0013202253175,8
"Wellington (Wellington)","3",-0.0473076544720263,0.344417522979072,14.505113351193,15.1913162416888,8
"Wellington (Wellington)","4",-0.00234061927196374,0.975910003234818,14.0788970144415,14.1118503521215,8
"Wellington (Wellington)","507",0.0917771364258702,0.591505036994917,14.9990025321387,13.6224370304946,8
"Wellington (Wellington)","511",0.117869717907661,0.149860747513049,15.4887425369195,13.6630888233484,8
"Whanganui (Manawatu-Whanganui)","13446",-0.103543616297009,0.0163933168888091,15.0177277214981,16.5727175583459,6
"Whanganui (Manawatu-Whanganui)","13456",-0.0142073429174821,0.854777098065548,14.5351784072232,14.7416846712214,6
"Whanganui (Manawatu-Whanganui)","18023",0.166691926493539,0.00309344932276118,14.6290239897876,12.1904837982097,6
"Whanganui (Manawatu-Whanganui)","18933",0.0137440850276997,0.876269663627762,16.0324041552372,15.8120534293291,6
"Whanganui (Manawatu-Whanganui)","18936",-0.0358387038509355,0.620425293710382,15.2489515691264,15.7954542284496,6
"Whanganui (Manawatu-Whanganui)","5042",-0.0504619663875197,0.502158251500749,14.5197441489253,15.2524389901237,6
"Whangaparaoa (Auckland)","21871",0.0515928512890548,0.0654733584595351,17.885052191971,16.9623113539336,2
"Whangaparaoa (Auckland)","50151",0.028688253427135,0.284321714008018,17.5643978101943,17.0605059145204,2
"Whangarei (Northland)","21912",0.00863676719894397,1,17.9813267173389,17.8260261845531,7
"Whangarei (Northland)","21917",-0.0395602330626099,0.360121647755378,17.4208884489825,18.110062856182,7
"Whangarei (Northland)","21926",0.0383618723382089,0.73170172322421,17.8776248270293,17.1918056657044,7
"Whangarei (Northland)","50314",-0.0712280767953104,0.212911902811505,16.9836773558359,18.1933920308042,7
"Whangarei (Northland)","50320",-0.0607489589275343,0.582950557761892,17.0800564728261,18.1176521219738,7
"Whangarei (Northland)","50377",-0.0949354834098521,0.283130870662347,17.217400494305,18.8519427332929,7
"Whangarei (Northland)","50413",-0.0475318149530439,0.858027656987521,17.5241982908103,18.3571552411696,7
