"year","temperature","data_released","source","anomaly","reference_period"
1909,12.39,2023,"NIWA 7 Station",-0.07899999999999885,"1961-1990"
1909,12.39,2023,"NIWA 7 Station",-0.34999999999999964,"1991-2020"
1910,12.46,2023,"NIWA 7 Station",-0.008999999999998565,"1961-1990"
1910,12.46,2023,"NIWA 7 Station",-0.27999999999999936,"1991-2020"
1911,11.95,2023,"NIWA 7 Station",-0.5190000000000001,"1961-1990"
1911,11.95,2023,"NIWA 7 Station",-0.7900000000000009,"1991-2020"
1912,11.33,2023,"NIWA 7 Station",-1.1389999999999993,"1961-1990"
1912,11.33,2023,"NIWA 7 Station",-1.4100000000000001,"1991-2020"
1913,11.57,2023,"NIWA 7 Station",-0.8989999999999991,"1961-1990"
1913,11.57,2023,"NIWA 7 Station",-1.17,"1991-2020"
1914,11.58,2023,"NIWA 7 Station",-0.8889999999999993,"1961-1990"
1914,11.58,2023,"NIWA 7 Station",-1.1600000000000001,"1991-2020"
1915,11.94,2023,"NIWA 7 Station",-0.5289999999999999,"1961-1990"
1915,11.94,2023,"NIWA 7 Station",-0.8000000000000007,"1991-2020"
1916,12.99,2023,"NIWA 7 Station",0.5210000000000008,"1961-1990"
1916,12.99,2023,"NIWA 7 Station",0.25,"1991-2020"
1917,12.8,2023,"NIWA 7 Station",0.3310000000000013,"1961-1990"
1917,12.8,2023,"NIWA 7 Station",0.0600000000000005,"1991-2020"
1918,11.81,2023,"NIWA 7 Station",-0.6589999999999989,"1961-1990"
1918,11.81,2023,"NIWA 7 Station",-0.9299999999999997,"1991-2020"
1919,11.39,2023,"NIWA 7 Station",-1.0789999999999988,"1961-1990"
1919,11.39,2023,"NIWA 7 Station",-1.3499999999999996,"1991-2020"
1920,11.54,2023,"NIWA 7 Station",-0.9290000000000003,"1961-1990"
1920,11.54,2023,"NIWA 7 Station",-1.200000000000001,"1991-2020"
1921,11.86,2023,"NIWA 7 Station",-0.609,"1961-1990"
1921,11.86,2023,"NIWA 7 Station",-0.8800000000000008,"1991-2020"
1922,12.01,2023,"NIWA 7 Station",-0.45899999999999963,"1961-1990"
1922,12.01,2023,"NIWA 7 Station",-0.7300000000000004,"1991-2020"
1923,11.85,2023,"NIWA 7 Station",-0.6189999999999998,"1961-1990"
1923,11.85,2023,"NIWA 7 Station",-0.8900000000000006,"1991-2020"
1924,12.81,2023,"NIWA 7 Station",0.3410000000000011,"1961-1990"
1924,12.81,2023,"NIWA 7 Station",0.07000000000000028,"1991-2020"
1925,11.59,2023,"NIWA 7 Station",-0.8789999999999996,"1961-1990"
1925,11.59,2023,"NIWA 7 Station",-1.1500000000000004,"1991-2020"
1926,11.78,2023,"NIWA 7 Station",-0.6890000000000001,"1961-1990"
1926,11.78,2023,"NIWA 7 Station",-0.9600000000000009,"1991-2020"
1927,11.62,2023,"NIWA 7 Station",-0.8490000000000002,"1961-1990"
1927,11.62,2023,"NIWA 7 Station",-1.120000000000001,"1991-2020"
1928,12.7,2023,"NIWA 7 Station",0.23099999999999987,"1961-1990"
1928,12.7,2023,"NIWA 7 Station",-0.040000000000000924,"1991-2020"
1929,11.95,2023,"NIWA 7 Station",-0.5190000000000001,"1961-1990"
1929,11.95,2023,"NIWA 7 Station",-0.7900000000000009,"1991-2020"
1930,11.25,2023,"NIWA 7 Station",-1.2189999999999994,"1961-1990"
1930,11.25,2023,"NIWA 7 Station",-1.4900000000000002,"1991-2020"
1931,11.45,2023,"NIWA 7 Station",-1.0190000000000001,"1961-1990"
1931,11.45,2023,"NIWA 7 Station",-1.290000000000001,"1991-2020"
1932,11.6,2023,"NIWA 7 Station",-0.8689999999999998,"1961-1990"
1932,11.6,2023,"NIWA 7 Station",-1.1400000000000006,"1991-2020"
1933,12.06,2023,"NIWA 7 Station",-0.4089999999999989,"1961-1990"
1933,12.06,2023,"NIWA 7 Station",-0.6799999999999997,"1991-2020"
1934,12.27,2023,"NIWA 7 Station",-0.19899999999999984,"1961-1990"
1934,12.27,2023,"NIWA 7 Station",-0.47000000000000064,"1991-2020"
1935,12.47,2023,"NIWA 7 Station",0.0010000000000012221,"1961-1990"
1935,12.47,2023,"NIWA 7 Station",-0.2699999999999996,"1991-2020"
1936,11.88,2023,"NIWA 7 Station",-0.5889999999999986,"1961-1990"
1936,11.88,2023,"NIWA 7 Station",-0.8599999999999994,"1991-2020"
1937,11.67,2023,"NIWA 7 Station",-0.7989999999999995,"1961-1990"
1937,11.67,2023,"NIWA 7 Station",-1.0700000000000003,"1991-2020"
1938,12.85,2023,"NIWA 7 Station",0.3810000000000002,"1961-1990"
1938,12.85,2023,"NIWA 7 Station",0.10999999999999943,"1991-2020"
1939,11.93,2023,"NIWA 7 Station",-0.5389999999999997,"1961-1990"
1939,11.93,2023,"NIWA 7 Station",-0.8100000000000005,"1991-2020"
1940,11.74,2023,"NIWA 7 Station",-0.7289999999999992,"1961-1990"
1940,11.74,2023,"NIWA 7 Station",-1,"1991-2020"
1941,11.73,2023,"NIWA 7 Station",-0.738999999999999,"1961-1990"
1941,11.73,2023,"NIWA 7 Station",-1.0099999999999998,"1991-2020"
1942,12.03,2023,"NIWA 7 Station",-0.43900000000000006,"1961-1990"
1942,12.03,2023,"NIWA 7 Station",-0.7100000000000009,"1991-2020"
1943,11.76,2023,"NIWA 7 Station",-0.7089999999999996,"1961-1990"
1943,11.76,2023,"NIWA 7 Station",-0.9800000000000004,"1991-2020"
1944,11.78,2023,"NIWA 7 Station",-0.6890000000000001,"1961-1990"
1944,11.78,2023,"NIWA 7 Station",-0.9600000000000009,"1991-2020"
1945,11.53,2023,"NIWA 7 Station",-0.9390000000000001,"1961-1990"
1945,11.53,2023,"NIWA 7 Station",-1.2100000000000009,"1991-2020"
1946,11.8,2023,"NIWA 7 Station",-0.6689999999999987,"1961-1990"
1946,11.8,2023,"NIWA 7 Station",-0.9399999999999995,"1991-2020"
1947,12.06,2023,"NIWA 7 Station",-0.4089999999999989,"1961-1990"
1947,12.06,2023,"NIWA 7 Station",-0.6799999999999997,"1991-2020"
1948,12.29,2023,"NIWA 7 Station",-0.17900000000000027,"1961-1990"
1948,12.29,2023,"NIWA 7 Station",-0.45000000000000107,"1991-2020"
1949,12.01,2023,"NIWA 7 Station",-0.45899999999999963,"1961-1990"
1949,12.01,2023,"NIWA 7 Station",-0.7300000000000004,"1991-2020"
1950,12.12,2023,"NIWA 7 Station",-0.3490000000000002,"1961-1990"
1950,12.12,2023,"NIWA 7 Station",-0.620000000000001,"1991-2020"
1951,11.8,2023,"NIWA 7 Station",-0.6689999999999987,"1961-1990"
1951,11.8,2023,"NIWA 7 Station",-0.9399999999999995,"1991-2020"
1952,12.12,2023,"NIWA 7 Station",-0.3490000000000002,"1961-1990"
1952,12.12,2023,"NIWA 7 Station",-0.620000000000001,"1991-2020"
1953,12.06,2023,"NIWA 7 Station",-0.4089999999999989,"1961-1990"
1953,12.06,2023,"NIWA 7 Station",-0.6799999999999997,"1991-2020"
1954,12.59,2023,"NIWA 7 Station",0.12100000000000044,"1961-1990"
1954,12.59,2023,"NIWA 7 Station",-0.15000000000000036,"1991-2020"
1955,12.78,2023,"NIWA 7 Station",0.31099999999999994,"1961-1990"
1955,12.78,2023,"NIWA 7 Station",0.03999999999999915,"1991-2020"
1956,12.92,2023,"NIWA 7 Station",0.4510000000000005,"1961-1990"
1956,12.92,2023,"NIWA 7 Station",0.17999999999999972,"1991-2020"
1957,12.46,2023,"NIWA 7 Station",-0.008999999999998565,"1961-1990"
1957,12.46,2023,"NIWA 7 Station",-0.27999999999999936,"1991-2020"
1958,12.39,2023,"NIWA 7 Station",-0.07899999999999885,"1961-1990"
1958,12.39,2023,"NIWA 7 Station",-0.34999999999999964,"1991-2020"
1959,12.15,2023,"NIWA 7 Station",-0.31899999999999906,"1961-1990"
1959,12.15,2023,"NIWA 7 Station",-0.5899999999999999,"1991-2020"
1960,12.27,2023,"NIWA 7 Station",-0.19899999999999984,"1961-1990"
1960,12.27,2023,"NIWA 7 Station",-0.47000000000000064,"1991-2020"
1961,12.28,2023,"NIWA 7 Station",-0.18900000000000006,"1961-1990"
1961,12.28,2023,"NIWA 7 Station",-0.46000000000000085,"1991-2020"
1962,12.91,2023,"NIWA 7 Station",0.4410000000000007,"1961-1990"
1962,12.91,2023,"NIWA 7 Station",0.16999999999999993,"1991-2020"
1963,11.96,2023,"NIWA 7 Station",-0.5089999999999986,"1961-1990"
1963,11.96,2023,"NIWA 7 Station",-0.7799999999999994,"1991-2020"
1964,12.02,2023,"NIWA 7 Station",-0.44899999999999984,"1961-1990"
1964,12.02,2023,"NIWA 7 Station",-0.7200000000000006,"1991-2020"
1965,11.88,2023,"NIWA 7 Station",-0.5889999999999986,"1961-1990"
1965,11.88,2023,"NIWA 7 Station",-0.8599999999999994,"1991-2020"
1966,12.15,2023,"NIWA 7 Station",-0.31899999999999906,"1961-1990"
1966,12.15,2023,"NIWA 7 Station",-0.5899999999999999,"1991-2020"
1967,12.27,2023,"NIWA 7 Station",-0.19899999999999984,"1961-1990"
1967,12.27,2023,"NIWA 7 Station",-0.47000000000000064,"1991-2020"
1968,12.21,2023,"NIWA 7 Station",-0.25899999999999856,"1961-1990"
1968,12.21,2023,"NIWA 7 Station",-0.5299999999999994,"1991-2020"
1969,12.18,2023,"NIWA 7 Station",-0.2889999999999997,"1961-1990"
1969,12.18,2023,"NIWA 7 Station",-0.5600000000000005,"1991-2020"
1970,12.87,2023,"NIWA 7 Station",0.4009999999999998,"1961-1990"
1970,12.87,2023,"NIWA 7 Station",0.129999999999999,"1991-2020"
1971,13.1,2023,"NIWA 7 Station",0.6310000000000002,"1961-1990"
1971,13.1,2023,"NIWA 7 Station",0.35999999999999943,"1991-2020"
1972,12.24,2023,"NIWA 7 Station",-0.2289999999999992,"1961-1990"
1972,12.24,2023,"NIWA 7 Station",-0.5,"1991-2020"
1973,12.69,2023,"NIWA 7 Station",0.22100000000000009,"1961-1990"
1973,12.69,2023,"NIWA 7 Station",-0.05000000000000071,"1991-2020"
1974,12.74,2023,"NIWA 7 Station",0.2710000000000008,"1961-1990"
1974,12.74,2023,"NIWA 7 Station",0,"1991-2020"
1975,12.61,2023,"NIWA 7 Station",0.14100000000000001,"1961-1990"
1975,12.61,2023,"NIWA 7 Station",-0.13000000000000078,"1991-2020"
1976,11.73,2023,"NIWA 7 Station",-0.738999999999999,"1961-1990"
1976,11.73,2023,"NIWA 7 Station",-1.0099999999999998,"1991-2020"
1977,11.77,2023,"NIWA 7 Station",-0.6989999999999998,"1961-1990"
1977,11.77,2023,"NIWA 7 Station",-0.9700000000000006,"1991-2020"
1978,12.82,2023,"NIWA 7 Station",0.35100000000000087,"1961-1990"
1978,12.82,2023,"NIWA 7 Station",0.08000000000000007,"1991-2020"
1979,12.55,2023,"NIWA 7 Station",0.0810000000000013,"1961-1990"
1979,12.55,2023,"NIWA 7 Station",-0.1899999999999995,"1991-2020"
1980,12.25,2023,"NIWA 7 Station",-0.21899999999999942,"1961-1990"
1980,12.25,2023,"NIWA 7 Station",-0.4900000000000002,"1991-2020"
1981,12.86,2023,"NIWA 7 Station",0.391,"1961-1990"
1981,12.86,2023,"NIWA 7 Station",0.11999999999999922,"1991-2020"
1982,12.11,2023,"NIWA 7 Station",-0.359,"1961-1990"
1982,12.11,2023,"NIWA 7 Station",-0.6300000000000008,"1991-2020"
1983,12.03,2023,"NIWA 7 Station",-0.43900000000000006,"1961-1990"
1983,12.03,2023,"NIWA 7 Station",-0.7100000000000009,"1991-2020"
1984,12.68,2023,"NIWA 7 Station",0.2110000000000003,"1961-1990"
1984,12.68,2023,"NIWA 7 Station",-0.0600000000000005,"1991-2020"
1985,12.85,2023,"NIWA 7 Station",0.3810000000000002,"1961-1990"
1985,12.85,2023,"NIWA 7 Station",0.10999999999999943,"1991-2020"
1986,12.65,2023,"NIWA 7 Station",0.18100000000000094,"1961-1990"
1986,12.65,2023,"NIWA 7 Station",-0.08999999999999986,"1991-2020"
1987,12.77,2023,"NIWA 7 Station",0.30100000000000016,"1961-1990"
1987,12.77,2023,"NIWA 7 Station",0.02999999999999936,"1991-2020"
1988,12.93,2023,"NIWA 7 Station",0.4610000000000003,"1961-1990"
1988,12.93,2023,"NIWA 7 Station",0.1899999999999995,"1991-2020"
1989,12.97,2023,"NIWA 7 Station",0.5010000000000012,"1961-1990"
1989,12.97,2023,"NIWA 7 Station",0.23000000000000043,"1991-2020"
1990,12.99,2023,"NIWA 7 Station",0.5210000000000008,"1961-1990"
1990,12.99,2023,"NIWA 7 Station",0.25,"1991-2020"
1991,12.17,2023,"NIWA 7 Station",-0.2989999999999995,"1961-1990"
1991,12.17,2023,"NIWA 7 Station",-0.5700000000000003,"1991-2020"
1992,11.48,2023,"NIWA 7 Station",-0.988999999999999,"1961-1990"
1992,11.48,2023,"NIWA 7 Station",-1.2599999999999998,"1991-2020"
1993,11.84,2023,"NIWA 7 Station",-0.6289999999999996,"1961-1990"
1993,11.84,2023,"NIWA 7 Station",-0.9000000000000004,"1991-2020"
1994,12.33,2023,"NIWA 7 Station",-0.13899999999999935,"1961-1990"
1994,12.33,2023,"NIWA 7 Station",-0.41000000000000014,"1991-2020"
1995,12.59,2023,"NIWA 7 Station",0.12100000000000044,"1961-1990"
1995,12.59,2023,"NIWA 7 Station",-0.15000000000000036,"1991-2020"
1996,12.45,2023,"NIWA 7 Station",-0.019000000000000128,"1961-1990"
1996,12.45,2023,"NIWA 7 Station",-0.2900000000000009,"1991-2020"
1997,12.27,2023,"NIWA 7 Station",-0.19899999999999984,"1961-1990"
1997,12.27,2023,"NIWA 7 Station",-0.47000000000000064,"1991-2020"
1998,13.41,2023,"NIWA 7 Station",0.9410000000000007,"1961-1990"
1998,13.41,2023,"NIWA 7 Station",0.6699999999999999,"1991-2020"
1999,13.35,2023,"NIWA 7 Station",0.8810000000000002,"1961-1990"
1999,13.35,2023,"NIWA 7 Station",0.6099999999999994,"1991-2020"
2000,12.79,2023,"NIWA 7 Station",0.32099999999999973,"1961-1990"
2000,12.79,2023,"NIWA 7 Station",0.049999999999998934,"1991-2020"
2001,12.9,2023,"NIWA 7 Station",0.43100000000000094,"1961-1990"
2001,12.9,2023,"NIWA 7 Station",0.16000000000000014,"1991-2020"
2002,12.67,2023,"NIWA 7 Station",0.2010000000000005,"1961-1990"
2002,12.67,2023,"NIWA 7 Station",-0.07000000000000028,"1991-2020"
2003,12.62,2023,"NIWA 7 Station",0.1509999999999998,"1961-1990"
2003,12.62,2023,"NIWA 7 Station",-0.120000000000001,"1991-2020"
2004,12.17,2023,"NIWA 7 Station",-0.2989999999999995,"1961-1990"
2004,12.17,2023,"NIWA 7 Station",-0.5700000000000003,"1991-2020"
2005,13.11,2023,"NIWA 7 Station",0.641,"1961-1990"
2005,13.11,2023,"NIWA 7 Station",0.3699999999999992,"1991-2020"
2006,12.4,2023,"NIWA 7 Station",-0.06899999999999906,"1961-1990"
2006,12.4,2023,"NIWA 7 Station",-0.33999999999999986,"1991-2020"
2007,12.67,2023,"NIWA 7 Station",0.2010000000000005,"1961-1990"
2007,12.67,2023,"NIWA 7 Station",-0.07000000000000028,"1991-2020"
2008,12.86,2023,"NIWA 7 Station",0.391,"1961-1990"
2008,12.86,2023,"NIWA 7 Station",0.11999999999999922,"1991-2020"
2009,12.29,2023,"NIWA 7 Station",-0.17900000000000027,"1961-1990"
2009,12.29,2023,"NIWA 7 Station",-0.45000000000000107,"1991-2020"
2010,13.07,2023,"NIWA 7 Station",0.6010000000000009,"1961-1990"
2010,13.07,2023,"NIWA 7 Station",0.33000000000000007,"1991-2020"
2011,12.83,2023,"NIWA 7 Station",0.36100000000000065,"1961-1990"
2011,12.83,2023,"NIWA 7 Station",0.08999999999999986,"1991-2020"
2012,12.45,2023,"NIWA 7 Station",-0.019000000000000128,"1961-1990"
2012,12.45,2023,"NIWA 7 Station",-0.2900000000000009,"1991-2020"
2013,13.33,2023,"NIWA 7 Station",0.8610000000000007,"1961-1990"
2013,13.33,2023,"NIWA 7 Station",0.5899999999999999,"1991-2020"
2014,12.79,2023,"NIWA 7 Station",0.32099999999999973,"1961-1990"
2014,12.79,2023,"NIWA 7 Station",0.049999999999998934,"1991-2020"
2015,12.75,2023,"NIWA 7 Station",0.2810000000000006,"1961-1990"
2015,12.75,2023,"NIWA 7 Station",0.009999999999999787,"1991-2020"
2016,13.44,2023,"NIWA 7 Station",0.9710000000000001,"1961-1990"
2016,13.44,2023,"NIWA 7 Station",0.6999999999999993,"1991-2020"
2017,13.15,2023,"NIWA 7 Station",0.6810000000000009,"1961-1990"
2017,13.15,2023,"NIWA 7 Station",0.41000000000000014,"1991-2020"
2018,13.41,2023,"NIWA 7 Station",0.9410000000000007,"1961-1990"
2018,13.41,2023,"NIWA 7 Station",0.6699999999999999,"1991-2020"
2019,13.37,2023,"NIWA 7 Station",0.9009999999999998,"1961-1990"
2019,13.37,2023,"NIWA 7 Station",0.629999999999999,"1991-2020"
2020,13.24,2023,"NIWA 7 Station",0.7710000000000008,"1961-1990"
2020,13.24,2023,"NIWA 7 Station",0.5,"1991-2020"
2021,13.56,2023,"NIWA 7 Station",1.091000000000001,"1961-1990"
2021,13.56,2023,"NIWA 7 Station",0.8200000000000003,"1991-2020"
2022,13.76,2023,"NIWA 7 Station",1.2910000000000004,"1961-1990"
2022,13.76,2023,"NIWA 7 Station",1.0199999999999996,"1991-2020"
1909,NA,2022,"IPCC",-1.2533518666666668,"1991-2020"
1910,NA,2022,"IPCC",-1.2325838666666666,"1991-2020"
1911,NA,2022,"IPCC",-1.3002798666666666,"1991-2020"
1912,NA,2022,"IPCC",-1.3000958666666667,"1991-2020"
1913,NA,2022,"IPCC",-1.1723398666666667,"1991-2020"
1914,NA,2022,"IPCC",-0.9082258666666667,"1991-2020"
1915,NA,2022,"IPCC",-0.9069558666666666,"1991-2020"
1916,NA,2022,"IPCC",-1.2659218666666667,"1991-2020"
1917,NA,2022,"IPCC",-1.4528958666666667,"1991-2020"
1918,NA,2022,"IPCC",-1.3004618666666667,"1991-2020"
1919,NA,2022,"IPCC",-1.1212978666666666,"1991-2020"
1920,NA,2022,"IPCC",-1.1575798666666666,"1991-2020"
1921,NA,2022,"IPCC",-0.9704858666666667,"1991-2020"
1922,NA,2022,"IPCC",-1.1212758666666667,"1991-2020"
1923,NA,2022,"IPCC",-1.1175498666666668,"1991-2020"
1924,NA,2022,"IPCC",-1.0852158666666667,"1991-2020"
1925,NA,2022,"IPCC",-1.0223338666666666,"1991-2020"
1926,NA,2022,"IPCC",-0.8612078666666667,"1991-2020"
1927,NA,2022,"IPCC",-1.0486678666666667,"1991-2020"
1928,NA,2022,"IPCC",-0.9588958666666667,"1991-2020"
1929,NA,2022,"IPCC",-1.3158458666666666,"1991-2020"
1930,NA,2022,"IPCC",-0.9530178666666667,"1991-2020"
1931,NA,2022,"IPCC",-0.8939918666666666,"1991-2020"
1932,NA,2022,"IPCC",-0.8795958666666667,"1991-2020"
1933,NA,2022,"IPCC",-1.1970018666666666,"1991-2020"
1934,NA,2022,"IPCC",-0.9370638666666666,"1991-2020"
1935,NA,2022,"IPCC",-1.0303638666666668,"1991-2020"
1936,NA,2022,"IPCC",-0.9851238666666666,"1991-2020"
1937,NA,2022,"IPCC",-0.8837098666666667,"1991-2020"
1938,NA,2022,"IPCC",-0.7077178666666667,"1991-2020"
1939,NA,2022,"IPCC",-0.7820678666666667,"1991-2020"
1940,NA,2022,"IPCC",-0.8055498666666667,"1991-2020"
1941,NA,2022,"IPCC",-0.8148958666666667,"1991-2020"
1942,NA,2022,"IPCC",-0.8614738666666667,"1991-2020"
1943,NA,2022,"IPCC",-0.8286078666666667,"1991-2020"
1944,NA,2022,"IPCC",-0.7082878666666667,"1991-2020"
1945,NA,2022,"IPCC",-0.9762338666666667,"1991-2020"
1946,NA,2022,"IPCC",-0.9038238666666667,"1991-2020"
1947,NA,2022,"IPCC",-0.8193678666666666,"1991-2020"
1948,NA,2022,"IPCC",-0.8279458666666667,"1991-2020"
1949,NA,2022,"IPCC",-0.9551318666666666,"1991-2020"
1950,NA,2022,"IPCC",-1.1893438666666667,"1991-2020"
1951,NA,2022,"IPCC",-0.9361278666666667,"1991-2020"
1952,NA,2022,"IPCC",-0.9160058666666666,"1991-2020"
1953,NA,2022,"IPCC",-0.6815658666666666,"1991-2020"
1954,NA,2022,"IPCC",-0.9803938666666667,"1991-2020"
1955,NA,2022,"IPCC",-0.9676638666666666,"1991-2020"
1956,NA,2022,"IPCC",-1.2680358666666667,"1991-2020"
1957,NA,2022,"IPCC",-0.9053358666666667,"1991-2020"
1958,NA,2022,"IPCC",-0.8036638666666667,"1991-2020"
1959,NA,2022,"IPCC",-0.8255418666666667,"1991-2020"
1960,NA,2022,"IPCC",-0.9537558666666667,"1991-2020"
1961,NA,2022,"IPCC",-0.7655718666666667,"1991-2020"
1962,NA,2022,"IPCC",-0.7931478666666667,"1991-2020"
1963,NA,2022,"IPCC",-0.6997098666666667,"1991-2020"
1964,NA,2022,"IPCC",-1.1191538666666667,"1991-2020"
1965,NA,2022,"IPCC",-0.9946438666666666,"1991-2020"
1966,NA,2022,"IPCC",-0.9288418666666667,"1991-2020"
1967,NA,2022,"IPCC",-0.8474958666666667,"1991-2020"
1968,NA,2022,"IPCC",-1.0267358666666666,"1991-2020"
1969,NA,2022,"IPCC",-0.9722098666666668,"1991-2020"
1970,NA,2022,"IPCC",-0.8409098666666667,"1991-2020"
1971,NA,2022,"IPCC",-0.9257318666666667,"1991-2020"
1972,NA,2022,"IPCC",-1.0583158666666668,"1991-2020"
1973,NA,2022,"IPCC",-0.5844998666666666,"1991-2020"
1974,NA,2022,"IPCC",-1.0616478666666667,"1991-2020"
1975,NA,2022,"IPCC",-0.7654738666666667,"1991-2020"
1976,NA,2022,"IPCC",-1.1488878666666666,"1991-2020"
1977,NA,2022,"IPCC",-0.6643478666666667,"1991-2020"
1978,NA,2022,"IPCC",-0.8224998666666667,"1991-2020"
1979,NA,2022,"IPCC",-0.7743478666666667,"1991-2020"
1980,NA,2022,"IPCC",-0.5477918666666667,"1991-2020"
1981,NA,2022,"IPCC",-0.36244786666666673,"1991-2020"
1982,NA,2022,"IPCC",-0.8215338666666667,"1991-2020"
1983,NA,2022,"IPCC",-0.4486598666666667,"1991-2020"
1984,NA,2022,"IPCC",-0.8174118666666667,"1991-2020"
1985,NA,2022,"IPCC",-0.8123778666666667,"1991-2020"
1986,NA,2022,"IPCC",-0.6474278666666666,"1991-2020"
1987,NA,2022,"IPCC",-0.5080358666666667,"1991-2020"
1988,NA,2022,"IPCC",-0.3081198666666667,"1991-2020"
1989,NA,2022,"IPCC",-0.5467058666666667,"1991-2020"
1990,NA,2022,"IPCC",-0.2688658666666668,"1991-2020"
1991,NA,2022,"IPCC",-0.32141986666666666,"1991-2020"
1992,NA,2022,"IPCC",-0.6776478666666667,"1991-2020"
1993,NA,2022,"IPCC",-0.6209338666666667,"1991-2020"
1994,NA,2022,"IPCC",-0.45124586666666666,"1991-2020"
1995,NA,2022,"IPCC",-0.16053186666666663,"1991-2020"
1996,NA,2022,"IPCC",-0.48494786666666667,"1991-2020"
1997,NA,2022,"IPCC",-0.2880598666666667,"1991-2020"
1998,NA,2022,"IPCC",0.018320133333333377,"1991-2020"
1999,NA,2022,"IPCC",-0.1989658666666667,"1991-2020"
2000,NA,2022,"IPCC",-0.2924178666666666,"1991-2020"
2001,NA,2022,"IPCC",-0.07553586666666678,"1991-2020"
2002,NA,2022,"IPCC",0.05821413333333325,"1991-2020"
2003,NA,2022,"IPCC",0.017666133333333223,"1991-2020"
2004,NA,2022,"IPCC",-0.14691186666666667,"1991-2020"
2005,NA,2022,"IPCC",0.18521013333333336,"1991-2020"
2006,NA,2022,"IPCC",0.0585401333333333,"1991-2020"
2007,NA,2022,"IPCC",0.2472401333333334,"1991-2020"
2008,NA,2022,"IPCC",-0.034569866666666726,"1991-2020"
2009,NA,2022,"IPCC",0.03530213333333343,"1991-2020"
2010,NA,2022,"IPCC",0.21203013333333343,"1991-2020"
2011,NA,2022,"IPCC",0.033742133333333424,"1991-2020"
2012,NA,2022,"IPCC",0.035118133333333246,"1991-2020"
2013,NA,2022,"IPCC",0.12610013333333336,"1991-2020"
2014,NA,2022,"IPCC",0.09601613333333336,"1991-2020"
2015,NA,2022,"IPCC",0.3894901333333334,"1991-2020"
2016,NA,2022,"IPCC",0.5487521333333334,"1991-2020"
2017,NA,2022,"IPCC",0.4423041333333333,"1991-2020"
2018,NA,2022,"IPCC",0.23517213333333342,"1991-2020"
2019,NA,2022,"IPCC",0.43147613333333323,"1991-2020"
2020,NA,2022,"IPCC",0.5824941333333333,"1991-2020"
1909,NA,2022,"IPCC",-0.49056679999999997,"1961-1990"
1910,NA,2022,"IPCC",-0.4697988,"1961-1990"
1911,NA,2022,"IPCC",-0.5374948,"1961-1990"
1912,NA,2022,"IPCC",-0.5373108,"1961-1990"
1913,NA,2022,"IPCC",-0.4095548,"1961-1990"
1914,NA,2022,"IPCC",-0.14544079999999998,"1961-1990"
1915,NA,2022,"IPCC",-0.1441708,"1961-1990"
1916,NA,2022,"IPCC",-0.5031368,"1961-1990"
1917,NA,2022,"IPCC",-0.6901108,"1961-1990"
1918,NA,2022,"IPCC",-0.5376768,"1961-1990"
1919,NA,2022,"IPCC",-0.35851279999999996,"1961-1990"
1920,NA,2022,"IPCC",-0.3947948,"1961-1990"
1921,NA,2022,"IPCC",-0.20770080000000002,"1961-1990"
1922,NA,2022,"IPCC",-0.3584908,"1961-1990"
1923,NA,2022,"IPCC",-0.3547648,"1961-1990"
1924,NA,2022,"IPCC",-0.3224308,"1961-1990"
1925,NA,2022,"IPCC",-0.2595488,"1961-1990"
1926,NA,2022,"IPCC",-0.09842279999999998,"1961-1990"
1927,NA,2022,"IPCC",-0.2858828,"1961-1990"
1928,NA,2022,"IPCC",-0.19611079999999997,"1961-1990"
1929,NA,2022,"IPCC",-0.5530608,"1961-1990"
1930,NA,2022,"IPCC",-0.19023279999999998,"1961-1990"
1931,NA,2022,"IPCC",-0.1312068,"1961-1990"
1932,NA,2022,"IPCC",-0.11681079999999999,"1961-1990"
1933,NA,2022,"IPCC",-0.4342168,"1961-1990"
1934,NA,2022,"IPCC",-0.1742788,"1961-1990"
1935,NA,2022,"IPCC",-0.2675788,"1961-1990"
1936,NA,2022,"IPCC",-0.2223388,"1961-1990"
1937,NA,2022,"IPCC",-0.1209248,"1961-1990"
1938,NA,2022,"IPCC",0.05506719999999998,"1961-1990"
1939,NA,2022,"IPCC",-0.019282800000000044,"1961-1990"
1940,NA,2022,"IPCC",-0.04276479999999999,"1961-1990"
1941,NA,2022,"IPCC",-0.05211080000000001,"1961-1990"
1942,NA,2022,"IPCC",-0.09868880000000002,"1961-1990"
1943,NA,2022,"IPCC",-0.06582280000000001,"1961-1990"
1944,NA,2022,"IPCC",0.05449720000000002,"1961-1990"
1945,NA,2022,"IPCC",-0.2134488,"1961-1990"
1946,NA,2022,"IPCC",-0.14103880000000002,"1961-1990"
1947,NA,2022,"IPCC",-0.05658279999999999,"1961-1990"
1948,NA,2022,"IPCC",-0.06516080000000002,"1961-1990"
1949,NA,2022,"IPCC",-0.19234679999999998,"1961-1990"
1950,NA,2022,"IPCC",-0.4265588,"1961-1990"
1951,NA,2022,"IPCC",-0.17334280000000002,"1961-1990"
1952,NA,2022,"IPCC",-0.1532208,"1961-1990"
1953,NA,2022,"IPCC",0.08121920000000005,"1961-1990"
1954,NA,2022,"IPCC",-0.2176088,"1961-1990"
1955,NA,2022,"IPCC",-0.20487879999999997,"1961-1990"
1956,NA,2022,"IPCC",-0.5052508,"1961-1990"
1957,NA,2022,"IPCC",-0.14255079999999998,"1961-1990"
1958,NA,2022,"IPCC",-0.04087879999999999,"1961-1990"
1959,NA,2022,"IPCC",-0.0627568,"1961-1990"
1960,NA,2022,"IPCC",-0.1909708,"1961-1990"
1961,NA,2022,"IPCC",-0.002786799999999978,"1961-1990"
1962,NA,2022,"IPCC",-0.030362800000000023,"1961-1990"
1963,NA,2022,"IPCC",0.0630752,"1961-1990"
1964,NA,2022,"IPCC",-0.3563688,"1961-1990"
1965,NA,2022,"IPCC",-0.23185879999999998,"1961-1990"
1966,NA,2022,"IPCC",-0.1660568,"1961-1990"
1967,NA,2022,"IPCC",-0.084710799999999975,"1961-1990"
1968,NA,2022,"IPCC",-0.2639508,"1961-1990"
1969,NA,2022,"IPCC",-0.20942480000000002,"1961-1990"
1970,NA,2022,"IPCC",-0.0781248,"1961-1990"
1971,NA,2022,"IPCC",-0.1629468,"1961-1990"
1972,NA,2022,"IPCC",-0.2955308,"1961-1990"
1973,NA,2022,"IPCC",0.17828520000000003,"1961-1990"
1974,NA,2022,"IPCC",-0.2988628,"1961-1990"
1975,NA,2022,"IPCC",-0.0026888000000000467,"1961-1990"
1976,NA,2022,"IPCC",-0.38610279999999997,"1961-1990"
1977,NA,2022,"IPCC",0.0984372,"1961-1990"
1978,NA,2022,"IPCC",-0.05971480000000001,"1961-1990"
1979,NA,2022,"IPCC",-0.011562799999999984,"1961-1990"
1980,NA,2022,"IPCC",0.2149932,"1961-1990"
1981,NA,2022,"IPCC",0.40033719999999995,"1961-1990"
1982,NA,2022,"IPCC",-0.05874879999999999,"1961-1990"
1983,NA,2022,"IPCC",0.3141252,"1961-1990"
1984,NA,2022,"IPCC",-0.054626799999999975,"1961-1990"
1985,NA,2022,"IPCC",-0.04959279999999999,"1961-1990"
1986,NA,2022,"IPCC",0.11535720000000005,"1961-1990"
1987,NA,2022,"IPCC",0.2547492,"1961-1990"
1988,NA,2022,"IPCC",0.4546652,"1961-1990"
1989,NA,2022,"IPCC",0.21607920000000003,"1961-1990"
1990,NA,2022,"IPCC",0.4939191999999999,"1961-1990"
1991,NA,2022,"IPCC",0.4413652,"1961-1990"
1992,NA,2022,"IPCC",0.08513720000000002,"1961-1990"
1993,NA,2022,"IPCC",0.14185119999999996,"1961-1990"
1994,NA,2022,"IPCC",0.3115392,"1961-1990"
1995,NA,2022,"IPCC",0.6022532,"1961-1990"
1996,NA,2022,"IPCC",0.2778372,"1961-1990"
1997,NA,2022,"IPCC",0.47472519999999996,"1961-1990"
1998,NA,2022,"IPCC",0.7811052,"1961-1990"
1999,NA,2022,"IPCC",0.5638192,"1961-1990"
2000,NA,2022,"IPCC",0.4703672000000001,"1961-1990"
2001,NA,2022,"IPCC",0.6872491999999999,"1961-1990"
2002,NA,2022,"IPCC",0.8209991999999999,"1961-1990"
2003,NA,2022,"IPCC",0.7804511999999999,"1961-1990"
2004,NA,2022,"IPCC",0.6158732,"1961-1990"
2005,NA,2022,"IPCC",0.9479952,"1961-1990"
2006,NA,2022,"IPCC",0.8213252,"1961-1990"
2007,NA,2022,"IPCC",1.0100252,"1961-1990"
2008,NA,2022,"IPCC",0.7282152,"1961-1990"
2009,NA,2022,"IPCC",0.7980872000000001,"1961-1990"
2010,NA,2022,"IPCC",0.9748152000000001,"1961-1990"
2011,NA,2022,"IPCC",0.7965272000000001,"1961-1990"
2012,NA,2022,"IPCC",0.7979031999999999,"1961-1990"
2013,NA,2022,"IPCC",0.8888852,"1961-1990"
2014,NA,2022,"IPCC",0.8588012,"1961-1990"
2015,NA,2022,"IPCC",1.1522752,"1961-1990"
2016,NA,2022,"IPCC",1.3115372,"1961-1990"
2017,NA,2022,"IPCC",1.2050892,"1961-1990"
2018,NA,2022,"IPCC",0.9979572000000001,"1961-1990"
2019,NA,2022,"IPCC",1.1942612,"1961-1990"
2020,NA,2022,"IPCC",1.3452792,"1961-1990"
